<?xml version="1.0" encoding="UTF-8"?>
<window>
	<defaultcontrol always="true">50</defaultcontrol>
	<menucontrol>7000</menucontrol>
	<views>50</views>

	<controls>

	<!--menu trigger-->
		<control type="button" id="5500">
			<onfocus>Control.SetFocus(50)</onfocus>
			<visible allowhiddenfocus="true">false</visible>
		</control>

	<!--background-->
		<include content="background_Global">
			<param name="GhostTexture">$VAR[window:Ghost]</param>
		</include>

		<control type="group">
			<include>toggle_Menu</include>

		<!--chrome-->
			<control type="group">
				<include>transition_Chrome</include>
				<include content="global_WindowChrome">
					<param name="Title">$VAR[window:Title.PVR]</param>
				</include>
			</control>

		<!--views-->
			<control type="group">
				<include>transition_Content</include>
				<include content="view_List">
					<param name="Label">$INFO[ListItem.Label]</param>
					<param name="Label2">$INFO[ListItem.Date]$INFO[ListItem.ChannelName, - ]</param>
					<param name="ShowIcon">true</param>
					<param name="WidthFull">false</param>
					<param name="WidthLandscape">true</param>
				</include>

				<control type="group">
					<visible>Control.IsVisible(50)</visible>
					<include content="info_List">
						<param name="Visible">$EXP[HasMedia]</param>
					</include>
				</control>

				<!--scrollbars-->
				<include>global_Scrollbar</include>

			</control>

		</control>

		<!--menu-->
		<include>menu_Options</include>

	</controls>
</window>