<?xml version="1.0" encoding="UTF-8"?>
<window>
	<defaultcontrol always="true">10</defaultcontrol>
	<menucontrol>7000</menucontrol>
	<views>10</views>
	<onload>ClearProperty(MenuOpen,Home)</onload>
	<controls>

		<!--menu trigger-->
		<control type="button" id="50">
			<onfocus>Control.SetFocus(10)</onfocus>
			<visible allowhiddenfocus="true">false</visible>
		</control>

		<!--background-->
		<include content="background_Global">
			<param name="GhostTexture">overlays/90-162.png</param>
		</include>

		<control type="group">
			<include>toggle_Menu</include>

			<!--Chrome-->
			<control type="group">
				<include>transition_Chrome</include>
				<include content="global_WindowChrome">
					<param name="Title">$VAR[window:Title.PVR]</param>
				</include>
			</control>

			<!--views-->
			<include>transition_Content</include>

			<include content="view_Guide">
				<param name="ID" value="50"/>
				<param name="Height" value="720"/>
			</include>
		</control>
		<include>PVRChannelNumberInput</include>
		<!--menu-->
		<include>menu_Options</include>

	</controls>
</window>
