<?xml version="1.0" encoding="UTF-8"?>
<window>
	<defaultcontrol always="true">9000</defaultcontrol>
	<controls>	

		<!-- Background -->
		<include content="background_Global">
			<param name="GhostTexture">overlays/90.png</param>
		</include>

		<!-- Chrome -->		
		<control type="group">
			<include>transition_Chrome</include>
			<include content="global_WindowChrome">
				<param name="Title">$VAR[window:Title.System]</param>
			</include>
		</control>

		<!-- Content -->
		<control type="group">
			<left>128</left>
			<top>198</top>
			<include>transition_Content</include>
		
			<!-- Button area-->
			<control type="grouplist" id="9000">
				<itemgap>0</itemgap>
				<width>384</width>
				<onup>9000</onup>
				<ondown>9000</ondown>
				<!-- General -->
				<control type="button" id="95">
					<include>settings_Menu</include>
					<label>$LOCALIZE[20037]</label>
				</control>
				<!-- Storage -->
				<control type="button" id="94">
					<include>settings_Menu</include>
					<label>$LOCALIZE[13277]</label>
				</control>
				<!-- Network -->
				<control type="button" id="96">
					<include>settings_Menu</include>
					<label>$LOCALIZE[13279]</label>
				</control>
				<!-- Video -->
				<control type="button" id="97">
					<include>settings_Menu</include>
					<label>$LOCALIZE[13280]</label>
				</control>
				<!-- Hardware -->
				<control type="button" id="98">
					<include>settings_Menu</include>
					<label>$LOCALIZE[13281]</label>
				</control>
				<!-- PVR -->
				<control type="button" id="99">
					<include>settings_Menu</include>
					<label>$LOCALIZE[19191]</label>
				</control>
				<!-- Kodi -->
				<control type="button" id="195">
					<include>settings_Menu</include>
					<label>Kodi</label>
				</control>
				<!-- Privacy -->
				<control type="button" id="100">
					<include>settings_Menu</include>
					<onright>6500</onright>
					<label>$LOCALIZE[12389]</label>
				</control>
			</control>

			<!-- Info area -->
			<control type="group">
				<left>432</left>
				<control type="grouplist">
					<height>810</height>
					<itemgap>0</itemgap>
					<orientation>vertical</orientation>
					<visible>!Control.HasFocus(195) + !Control.HasFocus(301)</visible>
					<control type="label" id="2">
						<width>1220</width>
						<font>Slab-24</font>
					</control>
					<control type="label" id="3">
						<width>1220</width>
						<font>Slab-24</font>
					</control>
					<control type="label" id="4">
						<width>1220</width>
						<font>Slab-24</font>
					</control>
					<control type="label" id="5">
						<width>1220</width>
						<font>Slab-24</font>
					</control>
					<control type="label" id="6">
						<width>1220</width>
						<font>Slab-24</font>
					</control>
					<control type="label" id="7">
						<width>1220</width>
						<font>Slab-24</font>
					</control>
					<control type="label" id="8">
						<width>1220</width>
						<font>Slab-24</font>
					</control>
					<control type="label" id="9">
						<width>1220</width>
						<font>Slab-24</font>
					</control>
					<control type="label" id="10">
						<width>1220</width>
						<font>Slab-24</font>
					</control>
					<control type="label" id="11">
						<width>1220</width>
						<font>Slab-24</font>
					</control>
				</control>

				<!-- Kodi -->
				<control type="grouplist">
					<orientation>vertical</orientation>
					<visible>Control.HasFocus(195)</visible>
					<control type="label" id="31">
						<width>1220</width>
						<label>$INFO[System.BuildVersion,$LOCALIZE[144] ]</label>
						<font>Slab-24</font>
					</control>
					<control type="label" id="32">
						<width>1220</width>
						<label>$INFO[System.BuildDate,$LOCALIZE[552]: ]</label>
						<font>Slab-24</font>
					</control>
					<control type="label" id="33">
						<width>1220</width>
						<label>$INFO[System.KernelVersion,$LOCALIZE[13283] ]</label>
						<font>Slab-24</font>
					</control>
					<control type="label" id="34">
						<width>1220</width>
						<label>$INFO[Window(Home).Property(SkinHelper.skinTitle),$LOCALIZE[166]: ]</label>
						<font>Slab-24</font>
					</control>
				</control>

			<!-- Privacy policy -->
				<control type="textbox" id="30">
					<height>810</height>
					<width>1220</width>
					<visible>Control.HasFocus(100) | Control.HasFocus(6500)</visible>
					<font>Slab-20</font>
					<textcolor>$VAR[color:Accent]</textcolor>
					<pagecontrol>6500</pagecontrol>
				</control>
			</control>
		</control>

		<!--scrollbars-->
		<include content="global_Scrollbar">
			<param name="OnLeft">100</param>
			<param name="Visible">Control.HasFocus(100) | Control.HasFocus(6500)</param>
		</include>
	</controls>
</window>