<?xml version="1.0" encoding="UTF-8"?>
<window type="dialog">
	<defaultcontrol always="true">450</defaultcontrol>
	<controls>

	<!-- Menu trigger -->
		<control type="button" id="5500">
			<onfocus>Control.SetFocus(450)</onfocus>
			<visible allowhiddenfocus="true">false</visible>
		</control>

	<!-- Background -->
		<include content="background_Global">
				<param name="GhostTexture">$VAR[window:Ghost]</param>
			</include>

	<!-- Chrome -->
		<control type="group">
			<include>transition_Chrome</include>
			<include content="global_WindowChrome">
				<param name="Title">$VAR[window:Title.Dialog]</param>
			</include>
		</control>

	<!-- Content -->
		<control type="group">
			<include>transition_Content</include>
			<include content="dialog_List">
				<param name="ID">450</param>
				<param name="Top">108</param>
				<param name="Width">1035</param>
				<param name="Height">972</param>
				<param name="SymbolSize">128</param>
				<param name="ItemHeight">108</param>
				<param name="TextLeft">160</param>
				<param name="OnRight">21</param>
				<param name="OnUp">450</param>
				<param name="OnDown">450</param>
			</include>
			<control type="group">
				<include content="info_List">
					<param name="Visible">true</param>
				</include>
			</control>
		</control>
	</controls>
</window>