<?xml version="1.0" encoding="UTF-8"?>
<window>
	<defaultcontrol always="true">50</defaultcontrol>
	<menucontrol>7000</menucontrol>
	<views>50,51,52,55,56</views>
	<controls>

	<!-- Menu trigger -->
		<control type="button" id="5500">
			<onfocus>Control.SetFocus(50)</onfocus>
			<visible allowhiddenfocus="true">false</visible>
		</control>

	<!-- Background -->
		<include content="background_Global">
			<param name="GhostTexture">$VAR[window:Ghost]</param>
		</include>

		<control type="group">
			
			<include>toggle_Menu</include>

		<!-- Window chrome -->
			<control type="group">
				<include>transition_Chrome</include>
				<include content="global_WindowChrome">
					<param name="Title">$VAR[window:Title.Media]</param>
				</include>
			</control>

				
		<!-- View includes -->
			<control type="group">
				<include>transition_Content</include>
				
				<!-- List -->
				<control type="group">
					<visible>Control.IsVisible(50)</visible>
					<include>transition_ViewChange</include>
					<include>view_List</include>
					<include content="info_List">
						<param name="Visible">Container.Content(artists)</param>
					</include>
					<include content="info_List">
						<param name="Visible">Container.Content(albums) | Container.Content(songs)</param>
						<param name="Width">756</param>
						<param name="Art">$VAR[art:Square]</param>
						<param name="ArtHeight">756</param>
						<param name="ShowDescription">true</param>
						<param name="DiffuseTexture">views/diffuse/kodi_landscape.png</param>
					</include>

					<!--landscape-->
					<include content="info_List">
						<param name="Visible">$EXP[Content.HasLandscape]</param>
					</include>
				</control>

				<!-- Big List -->
				<control type="group">
					<visible>Control.IsVisible(51)</visible>
					<include>transition_ViewChange</include>
					<include content="view_BigList">
						<param name="Visible">Container.Content(artists)</param>
					</include>
				</control>

				<!-- Slide -->
				<control type="group">
					<visible>Control.IsVisible(52)</visible>
					<include>transition_ViewChange</include>
					<include content="view_Slide">
						<param name="Top">108</param>
						<param name="InfoTop">776</param>
						<param name="ArtWidth">648"</param>
						<param name="ArtHeight">648"</param>
						<param name="ItemWidth">648"</param>
						<param name="ItemHeight">648"</param>
						<param name="ArtFallback">views/fallback/landscape.png</param>
					</include>
				</control>

				<!-- Landscape -->
				<control type="group">
					<visible>Control.IsVisible(55)</visible>
					<include>transition_ViewChange</include>
					<include content="view_Thumbnails">
						<param name="ID">55</param>
						<param name="Label2">$VAR[media:Info]</param>
						<param name="Views.ShowLogo">$EXP[Views.ShowLogo]</param>
						<param name="ShowInfo">$EXP[Thumbview.ShowInfo]</param>
						<param name="Fallback">views/fallback/landscape.png</param>
						<param name="Visible">Container.Content(artists) | Container.Content(musicvideos)</param>
					</include>
				</control>

				<!-- Square -->
				<control type="group">
					<visible>Control.IsVisible(56)</visible>
					<include>transition_ViewChange</include>
					<include content="view_Thumbnails">
						<param name="ID">56</param>
						<param name="ViewTypeLabel">$LOCALIZE[536]</param>
						<param name="Label2">$VAR[media:Info]</param>
						<param name="Art">$VAR[art:Square]</param>
						<param name="ArtWidth">416</param>
						<param name="ArtHeight">416</param>
						<param name="ItemWidth">416</param>
						<param name="ItemHeight">416</param>
						<param name="TextWidth">352</param>
						<param name="Visible">Container.Content(albums) | Container.Content(songs)</param>
						<param name="Fallback">views/fallback/square.png</param>
						<param name="ShowFallback">ListItem.IsParentFolder | String.IsEmpty(ListItem.Art(thumb))</param>
					</include>
				</control>

			</control>

		<!-- Scrollbar-->
			<include>global_Scrollbar</include>
		
		</control>

	<!-- Menu -->
		<include>menu_Options</include>

	</controls>
</window>