<?xml version="1.0" encoding="UTF-8"?>
<window>
	<defaultcontrol always="true">50</defaultcontrol>
	<menucontrol>7000</menucontrol>
	<views>50,55,56</views>
	<controls>

	<!--menu trigger-->
		<control type="button" id="5500">
			<onfocus>Control.SetFocus(50)</onfocus>
			<visible allowhiddenfocus="true">false</visible>
		</control>

		<include content="background_Global">
			<param name="GhostTexture">$VAR[window:Ghost]</param>
		</include>

	<!--global includes-->
		<control type="group">
			<include>toggle_Menu</include>
			<include>transition_Chrome</include>
			<include content="global_WindowChrome">
				<param name="Title">$VAR[window:Title.Media]</param>
			</include>
		</control>

	<!--content-->
		<control type="group">
			<include>toggle_Menu</include>
			<include>transition_Content</include>

		<!--view includes-->
			<control type="group">
				<visible>Control.IsVisible(50)</visible>
				<include>transition_ViewChange</include>
				<include>view_List</include>
			</control>

			<control type="group">
				<visible>Control.IsVisible(50)</visible>
				<!--landscape-->
				<include content="info_List">
					<param name="AspectRatio">keep</param>
					<param name="AspectRatioAlign">top</param>
					<param name="Visible">Container.HasFiles</param>
				</include>
			</control>

			<include content="view_Thumbnails">
				<param name="ID" value="55"/>
				<param name="Label2" value="$VAR[media:Info]"/>
			</include>

			<control type="group">
				<visible>Control.IsVisible(56)</visible>
				<include>transition_ViewChange</include>
				<include content="view_Thumbnails">
					<param name="ID">56</param>
					<param name="ViewTypeLabel">$LOCALIZE[536]</param>
					<param name="ShowInfo">false</param>
					<param name="Art">$VAR[art:Landscape]</param>
					<param name="ArtWidth">332.8</param>
					<param name="ArtHeight">332.8</param>
					<param name="ItemWidth">332.8</param>
					<param name="ItemHeight">384</param>
					<param name="TextWidth">284.8</param>
					<param name="Fallback">views/fallback/square.png</param>
					<param name="ShowOverlay">!String.IsEmpty(ListItem.Art(icon))</param>
					<param name="ShowFallback">ListItem.IsParentFolder | String.IsEmpty(ListItem.Art(icon))</param>
					<param name="ShowIconLabel">true</param>
				</include>
			</control>

		</control>

	<!-- Scrollbar-->
		<include>global_Scrollbar</include>
	
	<!--menu-->
		<include>menu_Options</include>
	</controls>
</window>