<?xml version="1.0" encoding="UTF-8"?>
<window>
	<defaultcontrol always="true">50</defaultcontrol>
	<menucontrol>7000</menucontrol>
	<views>50</views>
	<onload>ClearProperty(MenuOpen,Home)</onload>

	<controls>

	<!-- Menu trigger -->
		<control type="button" id="5500">
			<onfocus>Control.SetFocus(50)</onfocus>
			<visible allowhiddenfocus="true">false</visible>
		</control>

	<!-- Background -->
		<include content="background_Global">
			<param name="GhostTexture">$VAR[window:Ghost]</param>
		</include>

		<control type="group">
			<include>toggle_Menu</include>

		<!-- Chrome -->
			<control type="group">
				<include>transition_Chrome</include>
				<include content="global_WindowChrome">
					<param name="Title">$VAR[window:Title.PVR]</param>
				</include>
				<visible>!Window.IsActive(movieinformation)</visible>
			</control>

		<!-- Views -->		
			<include>transition_Content</include>
			
			<include content="view_List">
				<param name="Label">$INFO[ListItem.ChannelNumberLabel,, ]$INFO[ListItem.ChannelName,,: ]$INFO[ListItem.Title]</param>
				<param name="Label2">$VAR[media:Info]</param>
				<param name="ShowSymbol">String.IsEmpty(ListItem.Art(thumb))</param>
			</include>

			<control type="group">
				<visible>Control.IsVisible(50)</visible>

				<include content="info_List">
					<param name="Visible">!IsEmpty(Window(Home).Property(SkinHelper.ListItem.Art.Fanart)) | !IsEmpty(Window(Home).Property(SkinHelper.ListItem.Art.Fanart))</param>
					<param name="Fallback">$VAR[art:Fallback.Pvr]</param>
					<param name="Aspect">scale</param>
					<param name="Art">$VAR[art:Landscape.Pvr]</param>
					<param name="AspectRatioAlign">center</param>
					<param name="AspectRatioAlignY">center</param>
				</include>

				<include content="info_List">
					<param name="Visible">IsEmpty(Window(Home).Property(SkinHelper.ListItem.Art.Fanart)) + IsEmpty(Window(Home).Property(SkinHelper.ListItem.Art.Fanart))</param>
					<param name="Fallback">$VAR[art:Fallback.Pvr]</param>
					<param name="Aspect">keep</param>
					<param name="Art">$INFO[ListItem.Icon]</param>
					<param name="AspectRatioAlign">center</param>
					<param name="AspectRatioAlignY">center</param>
				</include>

			</control>

			<!-- Scrollbars -->
			<include>global_Scrollbar</include>

		</control>

		<!-- Colorbox reference -->
		<control type="multiimage" id="7975">
			<left>-2000</left>
			<width>1</width>
			<height>1</height>
			<imagepath background="true">$INFO[ListItem.Icon]</imagepath>
		</control>

		<!-- Menu -->
		<include>menu_Options</include>

	</controls>
</window>