<?xml version="1.0" encoding="UTF-8"?>
<includes>
	<include name="Set_View_56">
		<!-- set 56 -->
		<control type="grouplist" id="560">
			<include>Visible_OpenClose</include>
			<visible>Control.IsVisible(56)</visible>
			<width>100%</width>
			<height>100%</height>
			<orientation>vertical</orientation>
			<usecontrolcoords>true</usecontrolcoords>
			<pagecontrol>17</pagecontrol>
			<include>ScrollTime</include>
			<itemgap>-80</itemgap>
			<!-- Meta -->
			<control type="group">
				<width>1920</width>
				<height>1077</height>
				<control type="group">
					<top>128</top>
					<height>435</height>
					<width>1920</width>
					<!-- poster -->
					<include content="MetaPoster">
						<param name="visible" value="Integer.IsGreater(Container.NumItems,0)"/>
					</include>
					<!-- meta -->
					<control type="grouplist">
						<visible>!ListItem.IsParentFolder</visible>
						<left>370</left>
						<orientation>vertical</orientation>
						<height>500</height>
						<align>top</align>
						<itemgap>0</itemgap>
						<width>1480</width>
						<control type="label">
							<width>1040</width>
							<height>55</height>
							<label>$INFO[ListItem.Title]</label>
							<aligny>top</aligny>
							<font>Reg37</font>
						</control>
						<!-- small meta -->
						<control type="group">
							<height>40</height>
							<include>MetaSetInfos</include>
							<visible>Container.Content(sets) | String.IsEqual(ListItem.DBType,set)</visible>
						</control>
						<control type="group">
							<height>40</height>
							<include>MetaShowInfos</include>
							<visible>Container.Content(tvshows)</visible>
						</control>
						<control type="group">
							<height>40</height>
							<include>MetaMovieInfos</include>
							<visible>!Container.Content(tvshows) + !Container.Content(sets) + !String.IsEqual(ListItem.DBType,set)</visible>
						</control>
						<!-- buttons -->
						<control type="grouplist" id="100">
							<height>70</height>
							<orientation>horizontal</orientation>
							<itemgap>5</itemgap>
							<onright>noop</onright>
							<onleft>900</onleft>
							<control type="button" id="56101">
								<visible>!String.IsEmpty(ListItem.FileNameAndPath)</visible>
								<include>LightGreyButton</include>
								<label>$VAR[VideoInfoButton8]</label>
								<onup>SetFocus(6666)</onup>
								<onclick>SetFocus(50)</onclick>
								<onclick condition="!Skin.HasSetting(AlwaysCinemaMode) | !$EXP[CinemaMode]">Select</onclick>
								<onclick condition="Skin.HasSetting(AlwaysCinemaMode) + $EXP[CinemaMode]">RunScript(script.embuary.helper,action=playcinema)</onclick>
								<ondown>50</ondown>
								<onback>SetFocus(50)</onback>
							</control>
							<control type="button" id="56102">
								<visible>[Container.Content(tvshows) | String.IsEqual(ListItem.DBType,set)] + String.IsEmpty(ListItem.FileNameAndPath)</visible>
								<include>LightGreyButton</include>
								<label>$LOCALIZE[1024]</label>
								<onup>SetFocus(6666)</onup>
								<onclick>SetFocus(50)</onclick>
								<onclick>Select</onclick>
								<ondown>50</ondown>
								<onback>SetFocus(50)</onback>
							</control>
							<control type="button" id="56104">
								<visible>!String.IsEmpty(ListItem.Trailer)</visible>
								<include>LightGreyButton</include>
								<label>$LOCALIZE[20410]</label>
								<onup>SetFocus(6666)</onup>
								<onclick>PlayMedia($INFO[ListItem.Trailer])</onclick>
								<ondown>50</ondown>
								<onback>SetFocus(50)</onback>
							</control>
							<control type="button" id="56103">
								<visible>!String.IsEmpty(ListItem.Plot) | !String.IsEmpty(Container(2001).ListItem.Label)</visible>
								<include>LightGreyButtonRound</include>
								<font>material24</font>
								<label></label>
								<onclick condition="!String.IsEqual(ListItem.DBType,set)">RunScript(script.embuary.helper,action=textviewer,header='$ESCINFO[ListItem.Title]',message='$ESCINFO[ListItem.Plot]')</onclick>
								<onclick condition="String.IsEqual(ListItem.DBType,set) + !String.IsEmpty(Container(2001).ListItem.Label)">RunScript(script.embuary.helper,action=textviewer,header='$ESCINFO[ListItem.Title]',message='$ESCVAR[ListViewPlot]')</onclick>
								<onup>SetFocus(6666)</onup>
								<ondown>50</ondown>
								<onback>SetFocus(50)</onback>
							</control>
							<control type="togglebutton" id="56105">
								<include>LightGreyButtonRound</include>
								<font>material24</font>
								<label>[B][/B]</label>
								<altlabel>[B][COLOR red][/COLOR][/B]</altlabel>
								<include>ToggleWatchedAction</include>
								<onup>SetFocus(6666)</onup>
								<ondown>50</ondown>
								<onback>SetFocus(50)</onback>
								<selected>String.IsEqual(ListItem.Overlay,OverlayWatched.png) | Integer.IsGreaterOrEqual(ListItem.PlayCount,1)</selected>
							</control>
							<control type="button" id="56106">
								<include>LightGreyButtonRound</include>
								<font>material24</font>
								<label></label>
								<onup>SetFocus(6666)</onup>
								<ondown>50</ondown>
								<onback>SetFocus(50)</onback>
								<onclick condition="$EXP[HasEmbyContext]">RunScript(special://home/addons/plugin.video.emby/context.py)</onclick>
								<onclick condition="$EXP[HasEmbyConContext]">RunPlugin(plugin://plugin.video.embycon?mode=SHOW_MENU&amp;item_id=$INFO[ListItem.Property(id)])</onclick>
								<visible>$EXP[HasEmbyContext] | $EXP[HasEmbyConContext]</visible>
							</control>
						</control>
						<!-- genre -->
						<include>MetaGenre</include>
						<!-- plot -->
						<control type="textbox">
							<width>100%</width>
							<height max="130">auto</height>
							<align>justify</align>
							<aligny>top</aligny>
							<label>$VAR[SetViewPlot]</label>
							<font>Light24</font>
							<autoscroll>false</autoscroll>
						</control>
						<control type="label">
							<height>20</height>
						</control>
						<!-- media flags -->
						<include>MetaFlags</include>
					</control>
					<!-- logo -->
					<include>MetaClearlogo</include>
				</control>
				<control type="group">
					<top>524</top>
					<include content="JumpToLetter_horizontal">
						<param name="top" value="48"/>
					</include>
					<!-- items -->
					<include content="PosterWidget">
						<param name="id" value="56"/>
						<param name="onup" value="7001"/>
						<param name="ondown" value="5600"/>
						<param name="headline" value="$VAR[ContainerContent]"/>
						<param name="sublabel" value=""/>
						<param name="use_custom_content" value="false"/>
						<param name="height">553</param>
						<param name="content_visible">$EXP[SetViewVisible]</param>
						<param name="list_name">$LOCALIZE[31199]</param>
					</include>
				</control>
			</control>
			<!-- Cast -->
			<include content="CastWidget">
				<param name="visible" value="[Container.Content(movies) | Container.Content(tvshows)] + !String.IsEqual(ListItem.DBType,set) + Integer.IsGreater(Container(2000).NumItems,0)"/>
				<param name="content_visible" value="[Container.Content(movies) | Container.Content(tvshows)] + !String.IsEqual(ListItem.DBType,set)"/>
				<param name="id" value="5600"/>
				<param name="onup" value="56"/>
				<param name="ondown" value="5601"/>
				<param name="onback" value="56"/>
				<param name="content" value="$VAR[View_Cast_Content]"/>
			</include>
			<!-- Set movies -->
			<include content="PosterWidget">
				<param name="visible" value="!ListItem.IsParentFolder + [Container.Content(sets) | String.IsEqual(ListItem.DBType,set)]"/>
				<param name="force_visible" value="true"/>
				<param name="id" value="5601"/>
				<param name="onup" value="5600"/>
				<param name="ondown" value="noop"/>
				<param name="onback" value="56"/>
				<param name="mainlabel" value="$INFO[ListItem.Label]"/>
				<param name="sublabel" value="$INFO[ListItem.Year]"/>
				<param name="headline" value="$LOCALIZE[31192]"/>
				<param name="sortby" value="year"/>
				<param name="sortorder" value="ascending"/>
				<param name="use_custom_onclick" value="true"/>
				<param name="onclick" value="RunScript(script.embuary.helper,action=playitem,item='$ESCINFO[ListItem.Filenameandpath]')"/>
				<param name="content" value="$INFO[ListItem.FolderPath]"/>
			</include>
		</control>
	</include>
</includes>
