<?xml version="1.0" encoding="UTF-8"?>
<includes>
	<!-- Loading item -->
	<include name="LoadingWidget">
		<param name="focused">false</param>
		<param name="top">94</param>
		<param name="left">70</param>
		<definition>
			<control type="group">
				<visible>Container($PARAM[id]).IsUpdating + !Integer.IsGreater(Container($PARAM[id]).NumItems,0)</visible>
				<left>$PARAM[left]</left>
				<top>$PARAM[top]</top>
				<control type="group">
					<animation type="Conditional" reversible="false" condition="Control.HasFocus($PARAM[id])">
						<effect type="zoom" end="110" time="75" tween="sine" easing="out" center="auto" />
						<effect type="zoom" end="90.9090909" time="225" tween="sine" delay="100" easing="out" center="auto" />
					</animation>
					<width>$PARAM[width]</width>
					<height>$PARAM[height]</height>
					<control type="image">
						<top>-2</top>
						<left>-2</left>
						<width>$PARAM[shadow_width]</width>
						<height>$PARAM[shadow_height]</height>
						<texture border="20,20,20,20">items/shadow.png</texture>
					</control>
					<control type="image">
						<width>$PARAM[width]</width>
						<height>$PARAM[height]</height>
						<texture colordiffuse="thumb_background_fallback_secondary">common/white.jpg</texture>
						<aspectratio scalediffuse="false">stretch</aspectratio>
					</control>
					<include content="BusySpinner">
						<param name="colordiffuse" value="white"/>
					</include>
					<control type="group">
						<visible>Control.HasFocus($PARAM[id])</visible>
						<animation reversible="false" effect="fade" start="0" end="100" time="500" tween="linear">Visible</animation>
						<animation reversible="false" effect="fade" start="100" end="0" time="0">Hidden</animation>
						<control type="image">
							<texture>items/inner_shadow.png</texture>
							<aspectratio>stretch</aspectratio>
						</control>
						<control type="image">
							<left>-12</left>
							<top>-7</top>
							<width>$PARAM[focus_width]</width>
							<height>$PARAM[focus_height]</height>
							<texture border="20,20,20,20" colordiffuse="$VAR[AccentColor]">items/focus.png</texture>
							<aspectratio>stretch</aspectratio>
							<animation reversible="false" effect="fade" start="0" end="100" time="500" tween="linear" condition="Control.HasFocus($PARAM[id])">Conditional</animation>
							<animation reversible="false" effect="fade" start="100" end="0" time="0" condition="!Control.HasFocus($PARAM[id])">Conditional</animation>
						</control>
					</control>
				</control>
			</control>
		</definition>
	</include>

	<!-- Landscape -->
	<include name="WideWidget">
		<param name="visible">true</param>
		<param name="content_visible">true</param>
		<param name="headline">$LOCALIZE[416]</param>
		<param name="mainlabel">$VAR[MainListLabel]</param>
		<param name="sublabel">$VAR[SubListLabel]</param>
		<param name="use_custom_content">true</param>
		<param name="use_custom_onclick">false</param>
		<param name="height">468</param>
		<param name="force_visible">false</param>
		<param name="layout">LandscapeLayout</param>
		<definition>
			<control type="group">
				<visible>$PARAM[visible]</visible>
				<visible>Integer.IsGreater(Container($PARAM[id]).NumItems,0) | Container($PARAM[id]).IsUpdating | $PARAM[force_visible]</visible>
				<width>100%</width>
				<height>$PARAM[height]</height>
				<control type="group">
					<include content="widget_headline">
						<param name="headline">$PARAM[headline]</param>
						<param name="headline_icon">$PARAM[headline_icon]</param>
						<param name="id">$PARAM[id]</param>
					</include>
					<include content="LoadingWidget">
						<param name="id" value="$PARAM[id]"/>
						<param name="shadow_width" value="436"/>
						<param name="shadow_height" value="248"/>
						<param name="width" value="430"/>
						<param name="height" value="242"/>
						<param name="focus_width" value="454"/>
						<param name="focus_height" value="266"/>
					</include>
					<control type="fixedlist" id="$PARAM[id]">
						<visible>$PARAM[content_visible]</visible>
						<include>FocusBounce</include>
						<movement>3</movement>
						<top>30</top>
						<width>100%</width>
						<scrolltime>300</scrolltime>
						<orientation>horizontal</orientation>
						<preloaditems>4</preloaditems>
						<ondown>$PARAM[ondown]</ondown>
						<onup>$PARAM[onup]</onup>
						<onback>$PARAM[onback]</onback>
						<include content="Bounce_Right">
							<param name="id">$PARAM[id]</param>
						</include>
						<onright>SetProperty(BounceRight,1,home)</onright>
						<onright>noop</onright>
						<onleft>900</onleft>
						<include condition="$PARAM[use_custom_onclick]" content="ContainerOnClick">
							<param name="onclick" value="$PARAM[onclick]"/>
							<param name="onclick2" value="$PARAM[onclick2]"/>
							<param name="onclick3" value="$PARAM[onclick3]"/>
							<param name="onclick4" value="$PARAM[onclick4]"/>
							<param name="onclick5" value="$PARAM[onclick5]"/>
							<param name="onclick6" value="$PARAM[onclick6]"/>
							<param name="onclick7" value="$PARAM[onclick7]"/>
							<param name="onclick8" value="$PARAM[onclick8]"/>
							<param name="onclick9" value="$PARAM[onclick9]"/>
							<param name="onclick10" value="$PARAM[onclick10]"/>
							<param name="onclick11" value="$PARAM[onclick11]"/>
							<param name="onclick12" value="$PARAM[onclick12]"/>
						</include>
						<pagecontrol>$PARAM[id]1</pagecontrol>
						<viewtype label="$PARAM[list_name]">list</viewtype>
						<itemlayout width="450">
							<control type="group">
								<left>70</left>
								<top>64</top>
								<include content="$PARAM[layout]">
									<param name="mainlabel" value="$PARAM[mainlabel]" />
									<param name="sublabel" value="$PARAM[sublabel]" />
									<param name="thumblabel" value="$PARAM[thumblabel]" />
									<param name="labels_visible" value="$PARAM[labels_visible]" />
									<param name="visible_icon" value="$PARAM[visible_icon]" />
									<param name="focused" value="false" />
									<param name="id" value="$PARAM[id]" />
									<param name="ar" value="$PARAM[ar]" />
								</include>
							</control>
						</itemlayout>
						<focusedlayout width="450">
							<include content="SetPropertyOnFocus">
								<param name="id" value="$PARAM[id]"/>
							</include>
							<control type="group">
								<left>70</left>
								<top>64</top>
								<include content="$PARAM[layout]">
									<param name="mainlabel" value="$PARAM[mainlabel]" />
									<param name="sublabel" value="$PARAM[sublabel]" />
									<param name="thumblabel" value="$PARAM[thumblabel]" />
									<param name="labels_visible" value="$PARAM[labels_visible]" />
									<param name="visible_icon" value="$PARAM[visible_icon]" />
									<param name="focused" value="true" />
									<param name="id" value="$PARAM[id]" />
									<param name="ar" value="$PARAM[ar]" />
								</include>
							</control>
						</focusedlayout>
						<include condition="$PARAM[use_custom_content]" content="ContainerContentPath">
							<param name="widget_target">$PARAM[widget_target]</param>
							<param name="showdummy">$PARAM[showdummy]</param>
							<param name="sortby">$PARAM[sortby]</param>
							<param name="sortorder">$PARAM[sortorder]</param>
							<param name="limit">$PARAM[limit]</param>
							<param name="content">$PARAM[content]</param>
							<param name="widget_target2">$PARAM[widget_target2]</param>
							<param name="sortby2">$PARAM[sortby2]</param>
							<param name="sortorder2">$PARAM[sortorder2]</param>
							<param name="limit2">$PARAM[limit2]</param>
							<param name="content2">$PARAM[content2]</param>
						</include>
					</control>
					<include content="list_mask">
						<param name="height" value="242"/>
						<param name="id" value="$PARAM[id]"/>
					</include>
				</control>
			</control>
		</definition>
	</include>
	<!-- Poster -->
	<include name="PosterWidget">
		<param name="visible">true</param>
		<param name="force_visible">false</param>
		<param name="content_visible">true</param>
		<param name="headline">$LOCALIZE[416]</param>
		<param name="mainlabel">$VAR[MainListLabel]</param>
		<param name="sublabel">$VAR[SubListLabel]</param>
		<param name="use_custom_content">true</param>
		<param name="use_custom_onclick">false</param>
		<param name="height">581</param>
		<param name="layout">PosterLayout</param>
		<definition>
			<control type="group">
				<visible>$PARAM[visible]</visible>
				<visible>Integer.IsGreater(Container($PARAM[id]).NumItems,0) | Container($PARAM[id]).IsUpdating | $PARAM[force_visible]</visible>
				<width>100%</width>
				<height>$PARAM[height]</height>
				<control type="group">
					<include content="widget_headline">
						<param name="headline">$PARAM[headline]</param>
						<param name="headline_icon">$PARAM[headline_icon]</param>
						<param name="id">$PARAM[id]</param>
					</include>
					<include content="LoadingWidget">
						<param name="id" value="$PARAM[id]"/>
						<param name="shadow_width" value="243"/>
						<param name="shadow_height" value="361"/>
						<param name="width" value="237"/>
						<param name="height" value="355"/>
						<param name="focused" value="true" />
						<param name="focus_width" value="261"/>
						<param name="focus_height" value="379"/>
					</include>
					<control type="fixedlist" id="$PARAM[id]">
						<visible>$PARAM[content_visible]</visible>
						<include>FocusBounce</include>
						<movement>6</movement>
						<top>30</top>
						<width>100%</width>
						<scrolltime>300</scrolltime>
						<orientation>horizontal</orientation>
						<preloaditems>4</preloaditems>
						<ondown>$PARAM[ondown]</ondown>
						<onup>$PARAM[onup]</onup>
						<include content="Bounce_Right">
							<param name="id">$PARAM[id]</param>
						</include>
						<onright>SetProperty(BounceRight,1,home)</onright>
						<onright>noop</onright>
						<onleft>900</onleft>
						<oninfo condition="String.IsEqual(ListItem.DBType,set) + !String.IsEmpty(Container(2001).ListItem.Label)">RunScript(script.embuary.helper,action=textviewer,header='$ESCINFO[ListItem.Title]',message='$ESCVAR[ListViewPlot]')</oninfo>
						<include condition="$PARAM[use_custom_onclick]" content="ContainerOnClick">
							<param name="onclick" value="$PARAM[onclick]"/>
							<param name="onclick2" value="$PARAM[onclick2]"/>
							<param name="onclick3" value="$PARAM[onclick3]"/>
							<param name="onclick4" value="$PARAM[onclick4]"/>
							<param name="onclick5" value="$PARAM[onclick5]"/>
							<param name="onclick6" value="$PARAM[onclick6]"/>
							<param name="onclick7" value="$PARAM[onclick7]"/>
							<param name="onclick8" value="$PARAM[onclick8]"/>
							<param name="onclick9" value="$PARAM[onclick9]"/>
							<param name="onclick10" value="$PARAM[onclick10]"/>
							<param name="onclick11" value="$PARAM[onclick11]"/>
							<param name="onclick12" value="$PARAM[onclick12]"/>
						</include>
						<pagecontrol>$PARAM[id]1</pagecontrol>
						<viewtype label="$PARAM[list_name]">list</viewtype>
						<itemlayout width="257">
							<control type="group">
								<left>70</left>
								<top>64</top>
								<include content="$PARAM[layout]">
									<param name="mainlabel" value="$PARAM[mainlabel]" />
									<param name="sublabel" value="$PARAM[sublabel]" />
									<param name="thumblabel" value="$PARAM[thumblabel]" />
									<param name="labels_visible" value="$PARAM[labels_visible]" />
									<param name="visible_icon" value="$PARAM[visible_icon]" />
									<param name="focused" value="false" />
									<param name="id" value="$PARAM[id]" />
								</include>
							</control>
						</itemlayout>
						<focusedlayout width="257">
							<include content="SetPropertyOnFocus">
								<param name="id" value="$PARAM[id]"/>
							</include>
							<control type="group">
								<left>70</left>
								<top>64</top>
								<include content="$PARAM[layout]">
									<param name="mainlabel" value="$PARAM[mainlabel]" />
									<param name="sublabel" value="$PARAM[sublabel]" />
									<param name="thumblabel" value="$PARAM[thumblabel]" />
									<param name="labels_visible" value="$PARAM[labels_visible]" />
									<param name="visible_icon" value="$PARAM[visible_icon]" />
									<param name="focused" value="true" />
									<param name="id" value="$PARAM[id]" />
								</include>
							</control>
						</focusedlayout>
						<include condition="$PARAM[use_custom_content]" content="ContainerContentPath">
							<param name="id">$PARAM[id]</param>
							<param name="widget_target">$PARAM[widget_target]</param>
							<param name="sortby">$PARAM[sortby]</param>
							<param name="sortorder">$PARAM[sortorder]</param>
							<param name="limit">$PARAM[limit]</param>
							<param name="content">$PARAM[content]</param>
						</include>
					</control>
					<include content="list_mask">
						<param name="height" value="355"/>
						<param name="id" value="$PARAM[id]"/>
					</include>
				</control>
			</control>
		</definition>
	</include>
	<!-- Cast -->
	<include name="CastWidget">
		<param name="visible">true</param>
		<param name="content_visible">true</param>
		<param name="headline">$LOCALIZE[206]</param>
		<param name="mainlabel">$INFO[ListItem.Label]</param>
		<param name="sublabel">$INFO[ListItem.Label2,$LOCALIZE[20347] ]</param>
		<param name="use_custom_content">true</param>
		<param name="use_custom_onclick">true</param>
		<param name="onback">noop</param>
		<definition>
			<control type="group">
				<visible>$PARAM[visible]</visible>
				<width>100%</width>
				<height>581</height>
				<control type="group">
					<include content="widget_headline">
						<param name="headline">$PARAM[headline]</param>
						<param name="id">$PARAM[id]</param>
					</include>
					<include content="LoadingWidget">
						<param name="id" value="$PARAM[id]"/>
						<param name="shadow_width" value="243"/>
						<param name="shadow_height" value="361"/>
						<param name="width" value="237"/>
						<param name="height" value="355"/>
						<param name="focused" value="true" />
						<param name="focus_width" value="261"/>
						<param name="focus_height" value="379"/>
					</include>
					<control type="fixedlist" id="$PARAM[id]">
						<visible>$PARAM[content_visible]</visible>
						<include>FocusBounce</include>
						<movement>6</movement>
						<top>30</top>
						<width>100%</width>
						<onback>$PARAM[onback]</onback>
						<scrolltime>300</scrolltime>
						<orientation>horizontal</orientation>
						<preloaditems>4</preloaditems>
						<ondown>$PARAM[ondown]</ondown>
						<onup>$PARAM[onup]</onup>
						<include content="Bounce_Right">
							<param name="id">$PARAM[id]</param>
						</include>
						<onright>SetProperty(BounceRight,1,home)</onright>
						<onright>noop</onright>
						<onleft>900</onleft>
						<onclick condition="$PARAM[use_custom_onclick] + [!Skin.HasSetting(DoNotUseExtendedInfo) + System.HasAddon(script.extendedinfo)]">RunScript(script.extendedinfo,info=extendedactorinfo,name=$INFO[ListItem.Label])</onclick>
						<onclick condition="$PARAM[use_custom_onclick] + [Skin.HasSetting(DoNotUseExtendedInfo) | !System.HasAddon(script.extendedinfo)] + Window.IsVisible(movieinformation)">close</onclick>
						<onclick condition="$PARAM[use_custom_onclick] + [Skin.HasSetting(DoNotUseExtendedInfo) | !System.HasAddon(script.extendedinfo)] + [!Skin.HasSetting(UseGlobalsearch) | !System.HasAddon(script.globalsearch)]">SetProperty(CustomSearch,1,home)</onclick>
						<onclick condition="$PARAM[use_custom_onclick] + [Skin.HasSetting(DoNotUseExtendedInfo) | !System.HasAddon(script.extendedinfo)] + [!Skin.HasSetting(UseGlobalsearch) | !System.HasAddon(script.globalsearch)]">Skin.SetString(CustomSearchTerm,$INFO[ListItem.Label])</onclick>
						<onclick condition="$PARAM[use_custom_onclick] + [Skin.HasSetting(DoNotUseExtendedInfo) | !System.HasAddon(script.extendedinfo)] + [!Skin.HasSetting(UseGlobalsearch) | !System.HasAddon(script.globalsearch)]">Skin.SetString(CustomSearchEmbyID,$INFO[ListItem.Property(id)])</onclick>
						<onclick condition="$PARAM[use_custom_onclick] + [Skin.HasSetting(DoNotUseExtendedInfo) | !System.HasAddon(script.extendedinfo)] + [!Skin.HasSetting(UseGlobalsearch) | !System.HasAddon(script.globalsearch)]">ActivateWindow(1115)</onclick>
						<onclick condition="$PARAM[use_custom_onclick] + [Skin.HasSetting(DoNotUseExtendedInfo) | !System.HasAddon(script.extendedinfo)] + [!Skin.HasSetting(UseGlobalsearch) | !System.HasAddon(script.globalsearch)]">AlarmClock(Wait,ClearProperty(CustomSearch,home),00:01,silent)</onclick>
						<onclick condition="$PARAM[use_custom_onclick] + [Skin.HasSetting(DoNotUseExtendedInfo) | !System.HasAddon(script.extendedinfo)] + Skin.HasSetting(UseGlobalsearch) + System.HasAddon(script.globalsearch)">RunScript(script.globalsearch,searchstring=$INFO[ListItem.Label])</onclick>
						<pagecontrol>$PARAM[id]1</pagecontrol>
						<viewtype label="$LOCALIZE[31006]">list</viewtype>
						<itemlayout width="257">
							<control type="group">
								<left>70</left>
								<top>64</top>
								<include content="CastLayout">
									<param name="mainlabel" value="$PARAM[mainlabel]" />
									<param name="sublabel" value="$PARAM[sublabel]" />
									<param name="labels_visible" value="$PARAM[labels_visible]" />
									<param name="focused" value="false" />
									<param name="id" value="$PARAM[id]" />
								</include>
							</control>
						</itemlayout>
						<focusedlayout width="257">
							<control type="group">
								<left>70</left>
								<top>64</top>
								<include content="CastLayout">
									<param name="mainlabel" value="$PARAM[mainlabel]" />
									<param name="sublabel" value="$PARAM[sublabel]" />
									<param name="labels_visible" value="$PARAM[labels_visible]" />
									<param name="focused" value="true" />
									<param name="id" value="$PARAM[id]" />
								</include>
							</control>
						</focusedlayout>
						<include condition="$PARAM[use_custom_content]" content="ContainerContentPath">
							<param name="widget_target">$PARAM[widget_target]</param>
							<param name="sortby">$PARAM[sortby]</param>
							<param name="sortorder">$PARAM[sortorder]</param>
							<param name="limit">$PARAM[limit]</param>
							<param name="content">$PARAM[content]</param>
						</include>
					</control>
					<include content="list_mask">
						<param name="height" value="355"/>
						<param name="id" value="$PARAM[id]"/>
					</include>
				</control>
			</control>
		</definition>
	</include>
	<!-- Profiles -->
	<include name="ProfileWidget">
		<param name="visible">true</param>
		<param name="headline">$LOCALIZE[416]</param>
		<param name="mainlabel">$VAR[MainListLabel]</param>
		<param name="sublabel">$VAR[SubListLabel]</param>
		<param name="use_custom_content">true</param>
		<param name="use_custom_onclick">false</param>
		<definition>
			<control type="group" id="$PARAM[id]1">
				<visible>$PARAM[visible]</visible>
				<visible>Integer.IsGreater(Container($PARAM[id]).NumItems,0) | Container($PARAM[id]).IsUpdating</visible>
				<width>100%</width>
				<height>390</height>
				<control type="fixedlist" id="$PARAM[id]">
					<include>FocusBounce</include>
					<width>100%</width>
					<movement>5</movement>
					<orientation>horizontal</orientation>
					<preloaditems>4</preloaditems>
					<ondown>$PARAM[ondown]</ondown>
					<onright>noop</onright>
					<onleft>900</onleft>
					<onup>$PARAM[onup]</onup>
					<include condition="$PARAM[use_custom_onclick]" content="ContainerOnClick">
						<param name="onclick" value="$PARAM[onclick]"/>
						<param name="onclick2" value="$PARAM[onclick2]"/>
						<param name="onclick3" value="$PARAM[onclick3]"/>
						<param name="onclick4" value="$PARAM[onclick4]"/>
						<param name="onclick5" value="$PARAM[onclick5]"/>
						<param name="onclick6" value="$PARAM[onclick6]"/>
						<param name="onclick7" value="$PARAM[onclick7]"/>
						<param name="onclick8" value="$PARAM[onclick8]"/>
						<param name="onclick9" value="$PARAM[onclick9]"/>
						<param name="onclick10" value="$PARAM[onclick10]"/>
						<param name="onclick11" value="$PARAM[onclick11]"/>
						<param name="onclick12" value="$PARAM[onclick12]"/>
					</include>
					<itemlayout width="296">
						<control type="group">
							<left>70</left>
							<top>64</top>
							<include content="ProfileLayout">
								<param name="mainlabel" value="$PARAM[mainlabel]" />
								<param name="sublabel" value="$PARAM[sublabel]" />
								<param name="labels_visible" value="$PARAM[labels_visible]" />
								<param name="focused" value="false" />
								<param name="id" value="$PARAM[id]" />
							</include>
						</control>
					</itemlayout>
					<focusedlayout width="296">
						<include content="SetPropertyOnFocus">
							<param name="id" value="$PARAM[id]"/>
						</include>
						<control type="group">
							<left>70</left>
							<top>64</top>
							<include content="ProfileLayout">
								<param name="mainlabel" value="$PARAM[mainlabel]" />
								<param name="sublabel" value="$PARAM[sublabel]" />
								<param name="labels_visible" value="$PARAM[labels_visible]" />
								<param name="focused" value="true" />
								<param name="id" value="$PARAM[id]" />
							</include>
						</control>
					</focusedlayout>
				</control>
				<include content="list_mask">
					<param name="height" value="277"/>
					<param name="id" value="$PARAM[id]"/>
				</include>
			</control>
		</definition>
	</include>
	<!-- Square -->
	<include name="SquareWidget">
		<param name="visible">true</param>
		<param name="content_visible">true</param>
		<param name="headline">$LOCALIZE[416]</param>
		<param name="mainlabel">$VAR[MainListLabel]</param>
		<param name="sublabel">$VAR[SubListLabel]</param>
		<param name="use_custom_content">true</param>
		<param name="use_custom_onclick">false</param>
		<param name="height">502</param>
		<param name="layout">SquareLayout</param>
		<definition>
			<control type="group">
				<visible>$PARAM[visible]</visible>
				<visible>Integer.IsGreater(Container($PARAM[id]).NumItems,0) | Container($PARAM[id]).IsUpdating</visible>
				<width>100%</width>
				<height>$PARAM[height]</height>
				<control type="group">
					<include content="widget_headline">
						<param name="headline">$PARAM[headline]</param>
						<param name="headline_icon">$PARAM[headline_icon]</param>
					</include>
					<include content="LoadingWidget">
						<param name="id" value="$PARAM[id]"/>
						<param name="shadow_width" value="286"/>
						<param name="shadow_height" value="286"/>
						<param name="width" value="280"/>
						<param name="height" value="280"/>
						<param name="focused" value="true" />
						<param name="focus_width" value="304"/>
						<param name="focus_height" value="304"/>
					</include>
					<control type="fixedlist" id="$PARAM[id]">
						<visible>$PARAM[content_visible]</visible>
						<include>FocusBounce</include>
						<movement>5</movement>
						<top>30</top>
						<width>100%</width>
						<scrolltime>300</scrolltime>
						<orientation>horizontal</orientation>
						<preloaditems>4</preloaditems>
						<ondown>$PARAM[ondown]</ondown>
						<onup>$PARAM[onup]</onup>
						<include content="Bounce_Right">
							<param name="id">$PARAM[id]</param>
						</include>
						<onright>SetProperty(BounceRight,1,home)</onright>
						<onright>noop</onright>
						<onleft>900</onleft>
						<include condition="$PARAM[use_custom_onclick]" content="ContainerOnClick">
							<param name="onclick" value="$PARAM[onclick]"/>
							<param name="onclick2" value="$PARAM[onclick2]"/>
							<param name="onclick3" value="$PARAM[onclick3]"/>
							<param name="onclick4" value="$PARAM[onclick4]"/>
							<param name="onclick5" value="$PARAM[onclick5]"/>
							<param name="onclick6" value="$PARAM[onclick6]"/>
							<param name="onclick7" value="$PARAM[onclick7]"/>
							<param name="onclick8" value="$PARAM[onclick8]"/>
							<param name="onclick9" value="$PARAM[onclick9]"/>
							<param name="onclick10" value="$PARAM[onclick10]"/>
							<param name="onclick11" value="$PARAM[onclick11]"/>
							<param name="onclick12" value="$PARAM[onclick12]"/>
						</include>
						<pagecontrol>$PARAM[id]1</pagecontrol>
						<viewtype label="$PARAM[list_name]">list</viewtype>
						<itemlayout width="300">
							<control type="group">
								<left>70</left>
								<top>64</top>
								<include content="$PARAM[layout]">
									<param name="mainlabel" value="$PARAM[mainlabel]" />
									<param name="sublabel" value="$PARAM[sublabel]" />
									<param name="labels_visible" value="$PARAM[labels_visible]" />
									<param name="visible_icon" value="$PARAM[visible_icon]" />
									<param name="focused" value="false" />
									<param name="id" value="$PARAM[id]" />
								</include>
							</control>
						</itemlayout>
						<focusedlayout width="300">
							<include content="SetPropertyOnFocus">
								<param name="id" value="$PARAM[id]"/>
							</include>
							<control type="group">
								<left>70</left>
								<top>64</top>
								<include content="$PARAM[layout]">
									<param name="mainlabel" value="$PARAM[mainlabel]" />
									<param name="sublabel" value="$PARAM[sublabel]" />
									<param name="labels_visible" value="$PARAM[labels_visible]" />
									<param name="visible_icon" value="$PARAM[visible_icon]" />
									<param name="focused" value="true" />
									<param name="id" value="$PARAM[id]" />
								</include>
							</control>
						</focusedlayout>
						<include condition="$PARAM[use_custom_content]" content="ContainerContentPath">
							<param name="widget_target">$PARAM[widget_target]</param>
							<param name="sortby">$PARAM[sortby]</param>
							<param name="sortorder">$PARAM[sortorder]</param>
							<param name="limit">$PARAM[limit]</param>
							<param name="content">$PARAM[content]</param>
						</include>
					</control>
					<include content="list_mask">
						<param name="height" value="280"/>
						<param name="id" value="$PARAM[id]"/>
					</include>
				</control>
			</control>
		</definition>
	</include>
	<!-- home menu -->
	<include name="WidgetMainMenu">
		<param name="headline">$LOCALIZE[416]</param>
		<definition>
			<control type="group" id="$PARAM[id]1">
				<visible>!Skin.HasSetting(HideMainMenu)</visible>
				<width>100%</width>
				<height>385</height>
					<!-- titulo del menu-->
				<include content="widget_headline">
					<param name="headline">$PARAM[headline]</param>
				</include>
				<control type="fixedlist" id="$PARAM[id]">
					<include>FocusBounce</include>
					<top>30</top>
					<width>100%</width>
					<orientation>horizontal</orientation>
					<preloaditems>4</preloaditems>
					<movement>5</movement>
					<ondown>$PARAM[ondown]</ondown>s
					<onright>SetProperty(BounceRight,1,home)</onright>
					<include content="Bounce_Right">
						<param name="id">$PARAM[id]</param>
					</include>
					<onright>noop</onright>
					<onleft>900</onleft>
					<onup>$PARAM[onup]</onup>
					<itemlayout width="300">
						<control type="group">
							<left>70</left>
							<top>64</top>
							<include content="MainMenuLayout">
								<param name="mainlabel" value="$PARAM[mainlabel]" />
								<param name="focused" value="false" />
								<param name="id" value="$PARAM[id]" />
							</include>
						</control>
					</itemlayout>
					<focusedlayout width="300">
						<include content="SetPropertyOnFocus">
							<param name="id" value="$PARAM[id]"/>
						</include>
						<control type="group">
							<left>70</left>
							<top>64</top>
							<include content="MainMenuLayout">
								<param name="mainlabel" value="$PARAM[mainlabel]" />
								<param name="focused" value="true" />
								<param name="id" value="$PARAM[id]" />
							</include>
						</control>
					</focusedlayout>
					<content>
						<include>Home_Menu</include>
					</content>
				</control>
				<include content="list_mask">
					<param name="height" value="161"/>
					<param name="id" value="$PARAM[id]"/>
				</include>
			</control>
		</definition>
	</include>
	<include name="HomeWidgetPanelMenu">
		<param name="headline">$LOCALIZE[416]</param>
		<definition>
			<control type="group" id="$PARAM[id]1">
				<width>100%</width>
				<height>1080</height>
				<control id="$PARAM[id]" type="panel">
					<include>FocusBounce</include>
					<width>auto</width>
					<height>1133</height>
					<onright>noop</onright>
					<ondown>noop</ondown>
					<onup>SetFocus(6666)</onup>
					<onleft>900</onleft>
					<include>ScrollTime</include>
					<orientation>vertical</orientation>
					<preloaditems>4</preloaditems>
					<defaultcontrol always="true">0</defaultcontrol>
					<itemlayout width="300" height="233">
						<control type="group">
							<left>70</left>
							<top>114</top>
							<include content="MainMenuLayout">
								<param name="mainlabel" value="$PARAM[mainlabel]" />
								<param name="focused" value="false" />
								<param name="id" value="$PARAM[id]" />
							</include>
						</control>
					</itemlayout>
					<focusedlayout width="300" height="233">
						<include content="SetPropertyOnFocus">
							<param name="id" value="$PARAM[id]"/>
						</include>
						<control type="group">
							<left>70</left>
							<top>114</top>
							<include content="MainMenuLayout">
								<param name="mainlabel" value="$PARAM[mainlabel]" />
								<param name="focused" value="true" />
								<param name="id" value="$PARAM[id]" />
							</include>
						</control>
					</focusedlayout>
					<content>
						<include>Home_Menu</include>
					</content>
				</control>
			</control>
		</definition>
	</include>
	<!-- small menu -->
	<include name="WidgetSmallMenu">
		<param name="headline">$LOCALIZE[416]</param>
		<param name="mainlabel">$INFO[ListItem.Label]</param>
		<param name="visible">true</param>
		<definition>
			<control type="group" id="$PARAM[id]1">
				<visible>$PARAM[visible]</visible>
				<width>100%</width>
				<height>239</height>
				<control type="group">
					<include content="widget_headline">
						<param name="headline">$PARAM[headline]</param>
					</include>
					<control type="fixedlist" id="$PARAM[id]">
						<include>FocusBounce</include>
						<top>28</top>
						<width>100%</width>
						<orientation>horizontal</orientation>
						<preloaditems>4</preloaditems>
						<movement>6</movement>
						<ondown>$PARAM[ondown]</ondown>s
						<onright>SetProperty(BounceRight,1,home)</onright>
						<include content="Bounce_Right">
							<param name="id">$PARAM[id]</param>
						</include>
						<onright>noop</onright>
						<onleft>900</onleft>
						<onup>$PARAM[onup]</onup>
						<scrolltime>300</scrolltime>
						<itemlayout width="255">
							<control type="group">
								<left>70</left>
								<top>64</top>
								<include content="SmallMenuLayout">
									<param name="mainlabel" value="$PARAM[mainlabel]" />
									<param name="focused" value="false" />
									<param name="id" value="$PARAM[id]" />
								</include>
							</control>
						</itemlayout>
						<focusedlayout width="255">
							<include content="SetPropertyOnFocus">
								<param name="id" value="$PARAM[id]"/>
							</include>
							<control type="group">
								<left>70</left>
								<top>64</top>
								<include content="SmallMenuLayout">
									<param name="mainlabel" value="$PARAM[mainlabel]" />
									<param name="focused" value="true" />
									<param name="id" value="$PARAM[id]" />
								</include>
							</control>
						</focusedlayout>
						<content>
							<item>
								<property name="fallback">true</property>
								<label>$LOCALIZE[31028]</label>
								<onclick condition="Window.IsVisible(1120)">RunScript(script.skinshortcuts,type=manage&amp;group=moviehub)</onclick>
								<onclick condition="Window.IsVisible(1121)">RunScript(script.skinshortcuts,type=manage&amp;group=tvshowhub)</onclick>
								<onclick condition="Window.IsVisible(1122)">RunScript(script.skinshortcuts,type=manage&amp;group=musichub)</onclick>
								<onclick condition="Window.IsVisible(1125)">RunScript(script.skinshortcuts,type=manage&amp;group=customhub)</onclick>
								<visible>Window.IsVisible(1120) | Window.IsVisible(1121) | Window.IsVisible(1122) | Window.IsVisible(1125)</visible>
								<visible>String.IsEmpty(Container($PARAM[id]).ListItemAbsolute(0).Property(id)) + String.IsEmpty(Container($PARAM[id]).ListItemAbsolute(1).Property(id))</visible>
							</item>
							<include content="$PARAM[content]">
								<param name="nr" value="$PARAM[nr]"/>
							</include>
						</content>
					</control>
					<include content="list_mask">
						<param name="height" value="60"/>
						<param name="id" value="$PARAM[id]"/>
					</include>
				</control>
			</control>
		</definition>
	</include>
	<!-- Square settings -->
	<include name="SettingsWidget">
		<param name="visible">true</param>
		<param name="headline">$LOCALIZE[416]</param>
		<param name="mainlabel">$INFO[ListItem.Label]</param>
		<param name="color">blue</param>
		<param name="height">480</param>
		<definition>
			<control type="group" id="$PARAM[id]1">
				<visible>$PARAM[visible]</visible>
				<visible>Integer.IsGreater(Container($PARAM[id]).NumItems,0) | Container($PARAM[id]).IsUpdating</visible>
				<width>100%</width>
				<height>$PARAM[height]</height>
				<include content="widget_headline">
					<param name="headline">$PARAM[headline]</param>
					<param name="id">$PARAM[id]</param>
				</include>
				<control type="fixedlist" id="$PARAM[id]">
					<include>FocusBounce</include>
					<top>30</top>
					<width>100%</width>
					<movement>5</movement>
					<orientation>horizontal</orientation>
					<preloaditems>4</preloaditems>
					<ondown>$PARAM[ondown]</ondown>
					<include content="Bounce_Right">
						<param name="id">$PARAM[id]</param>
					</include>
					<onright>SetProperty(BounceRight,1,home)</onright>
					<onright>noop</onright>
					<onleft>900</onleft>
					<onup>$PARAM[onup]</onup>
					<itemlayout width="300">
						<control type="group">
							<left>70</left>
							<top>64</top>
							<include content="SettingsLayout">
								<param name="mainlabel" value="$PARAM[mainlabel]" />
								<param name="sublabel" value="" />
								<param name="color" value="$PARAM[color]" />
								<param name="focused" value="false" />
								<param name="id" value="$PARAM[id]" />
							</include>
						</control>
					</itemlayout>
					<focusedlayout width="300">
						<include content="SetPropertyOnFocus">
							<param name="id" value="$PARAM[id]"/>
						</include>
						<control type="group">
							<left>70</left>
							<top>64</top>
							<include content="SettingsLayout">
								<param name="mainlabel" value="$PARAM[mainlabel]" />
								<param name="sublabel" value="" />
								<param name="color" value="$PARAM[color]" />
								<param name="focused" value="true" />
								<param name="id" value="$PARAM[id]" />
							</include>
						</control>
					</focusedlayout>
					<include>$PARAM[content]</include>
				</control>
				<include content="list_mask">
					<param name="height" value="280"/>
					<param name="id" value="$PARAM[id]"/>
				</include>
			</control>
		</definition>
	</include>
	<!-- PVR -->
	<include name="PVRWidget">
		<param name="visible">true</param>
		<param name="headline">$LOCALIZE[416]</param>
		<param name="mainlabel">$VAR[MainListLabel]</param>
		<param name="sublabel">$VAR[SubListLabel]</param>
		<param name="use_custom_content">true</param>
		<param name="use_custom_onclick">false</param>
		<definition>
			<control type="group" id="$PARAM[id]1">
				<visible>$PARAM[visible]</visible>
				<visible>Integer.IsGreater(Container($PARAM[id]).NumItems,0) | Container($PARAM[id]).IsUpdating</visible>
				<width>100%</width>
				<height>588</height>
				<include content="widget_headline">
					<param name="headline">$VAR[PVRLabel]</param>
				</include>
				<control type="grouplist" id="$PARAM[id]01">
					<top>93</top>
					<left>68</left>
					<height>50</height>
					<orientation>horizontal</orientation>
					<itemgap>5</itemgap>
					<onleft>900</onleft>
					<onright>noop</onright>
					<onup>$PARAM[onup]</onup>
					<ondown>$PARAM[ondown]</ondown>
					<control type="button" id="$PARAM[id]02">
						<include>DarkGreyButton</include>
						<label>$LOCALIZE[10700]</label>
						<onup>$PARAM[onup]</onup>
						<ondown>$PARAM[id]</ondown>
						<onclick>ActivateWindow(tvchannels)</onclick>
					</control>
					<control type="button" id="$PARAM[id]03">
						<include>DarkGreyButton</include>
						<label>$LOCALIZE[19273]</label>
						<onup>$PARAM[onup]</onup>
						<ondown>$PARAM[id]</ondown>
						<onclick>ActivateWindow(tvguide)</onclick>
					</control>
					<control type="button" id="$PARAM[id]04">
						<include>DarkGreyButton</include>
						<label>$LOCALIZE[31304]</label>
						<onup>$PARAM[onup]</onup>
						<ondown>$PARAM[id]</ondown>
						<onclick>ActivateWindow(tvsearch)</onclick>
					</control>

				</control>
				<include content="widget_headline">
					<param name="top">143</param>
					<param name="headline">$PARAM[headline]</param>
					<param name="id">$PARAM[id]</param>
				</include>
				<control type="fixedlist" id="$PARAM[id]">
					<include>FocusBounce</include>
					<top>150</top>
					<width>100%</width>
					<movement>3</movement>
					<orientation>horizontal</orientation>
					<preloaditems>4</preloaditems>
					<ondown>$PARAM[ondown]</ondown>
					<include content="Bounce_Right">
						<param name="id">$PARAM[id]</param>
					</include>
					<onright>SetProperty(BounceRight,1,home)</onright>
					<onright>noop</onright>
					<onleft>900</onleft>
					<onup>$PARAM[id]01</onup>
					<include condition="$PARAM[use_custom_onclick]" content="ContainerOnClick">
						<param name="onclick" value="$PARAM[onclick]"/>
						<param name="onclick2" value="$PARAM[onclick2]"/>
						<param name="onclick3" value="$PARAM[onclick3]"/>
						<param name="onclick4" value="$PARAM[onclick4]"/>
						<param name="onclick5" value="$PARAM[onclick5]"/>
						<param name="onclick6" value="$PARAM[onclick6]"/>
						<param name="onclick7" value="$PARAM[onclick7]"/>
						<param name="onclick8" value="$PARAM[onclick8]"/>
						<param name="onclick9" value="$PARAM[onclick9]"/>
						<param name="onclick10" value="$PARAM[onclick10]"/>
						<param name="onclick11" value="$PARAM[onclick11]"/>
						<param name="onclick12" value="$PARAM[onclick12]"/>
					</include>
					<itemlayout width="450">
						<control type="group">
							<left>70</left>
							<top>64</top>
							<include content="LandscapeLayout">
								<param name="mainlabel" value="$PARAM[mainlabel]" />
								<param name="sublabel" value="$PARAM[sublabel]" />
								<param name="thumblabel" value="$INFO[ListItem.Channelname]" />
								<param name="labels_visible" value="$PARAM[labels_visible]" />
								<param name="focused" value="false" />
								<param name="id" value="$PARAM[id]" />
							</include>
						</control>
					</itemlayout>
					<focusedlayout width="450">
						<include content="SetPropertyOnFocus">
							<param name="id" value="$PARAM[id]"/>
						</include>
						<control type="group">
							<left>70</left>
							<top>64</top>
							<include content="LandscapeLayout">
								<param name="mainlabel" value="$PARAM[mainlabel]" />
								<param name="sublabel" value="$PARAM[sublabel]" />
								<param name="thumblabel" value="$INFO[ListItem.Channelname]" />
								<param name="labels_visible" value="$PARAM[labels_visible]" />
								<param name="focused" value="true" />
								<param name="id" value="$PARAM[id]" />
							</include>
						</control>
					</focusedlayout>
					<include condition="$PARAM[use_custom_content]" content="ContainerContentPath">
						<param name="id" value="$PARAM[id]" />
						<param name="showdummy" value="String.IsEmpty(Container($PARAM[id]).ListItemAbsolute(0).Channelname)" />
						<param name="dummylabel" value="$LOCALIZE[31285]" />
						<param name="dummylabel2" value="$LOCALIZE[19023]" />
						<param name="dummyaction" value="ActivateWindow(tvchannels)" />
						<param name="widget_target">$PARAM[widget_target]</param>
						<param name="sortby">$PARAM[sortby]</param>
						<param name="sortorder">$PARAM[sortorder]</param>
						<param name="limit">$PARAM[limit]</param>
						<param name="content">$PARAM[content]</param>
					</include>
				</control>
				<control type="group">
					<top>102</top>
					<include content="list_mask">
						<param name="height" value="277"/>
						<param name="id" value="$PARAM[id]"/>
					</include>
				</control>
			</control>
		</definition>
	</include>
</includes>
