<?xml version="1.0" encoding="UTF-8"?>
<window>
	<defaultcontrol always="true">100</defaultcontrol>
	<backgroundcolor>background</backgroundcolor>
	<include>PropertyIncludes</include>
	<controls>
		<!-- hidden -->
		<control type="button" id="2">
			<include>HiddenObject</include>
		</control>
		<!-- background -->
		<include>Background</include>
		<!-- views -->
		<control type="grouplist" id="50">
			<include>Window_OpenClose</include>
			<width>100%</width>
			<height>100%</height>
			<orientation>vertical</orientation>
			<usecontrolcoords>true</usecontrolcoords>
			<include>ScrollTime</include>
			<pagecontrol>17</pagecontrol>
			<itemgap>-80</itemgap>
			<!-- Meta -->
			<control type="group">
				<top>90</top>
				<height>480</height>
				<!-- poster -->
				<include>MetaExtendedInfoThumb</include>
				<!-- meta -->
				<control type="grouplist">
					<left>370</left>
					<orientation>vertical</orientation>
					<align>top</align>
					<itemgap>0</itemgap>
					<width>1480</width>
					<control type="label">
						<width>1040</width>
						<height>60</height>
						<label>$INFO[Window.Property(Label)]</label>
						<font>Reg37</font>
						<aligny>top</aligny>
					</control>
					<!-- buttons -->
					<control type="grouplist" id="100">
						<height>75</height>
						<orientation>horizontal</orientation>
						<itemgap>5</itemgap>
						<onright>noop</onright>
						<onleft>900</onleft>
						<control type="button" id="101">
							<include>LightGreyButton</include>
							<label>$LOCALIZE[15067]</label>
							<onclick>Close</onclick>
							<ondown>150</ondown>
						</control>
						<control type="button" id="102">
							<visible>!String.IsEmpty(Window.Property(Biography))</visible>
							<include>LightGreyButtonRound</include>
							<font>material24</font>
							<label></label>
							<onclick>RunScript(script.embuary.helper,action=textviewer,header='$ESCINFO[Window.Property(Label)]',message='$ESCINFO[Window.Property(Biography)]')</onclick>
							<ondown>150</ondown>
						</control>
					</control>
					<!-- plot -->
					<control type="textbox">
						<width>100%</width>
						<height>130</height>
						<align>justify</align>
						<aligny>top</aligny>
						<label>$INFO[Window.Property(Birthday),$LOCALIZE[21893]: ]$INFO[Window.Property(Deathday),   († ,) ]$INFO[Window.Property(Age),[CR]$LOCALIZE[31171]: ]$INFO[Window.Property(PlaceOfBirth),[CR]$LOCALIZE[31170]: ]$VAR[ExtendedInfoFilmographyCount,[CR]$LOCALIZE[31188]: ]</label>
						<font>Light24</font>
						<autoscroll>false</autoscroll>
					</control>
					<control type="label">
						<height>15</height>
					</control>
					<control type="textbox">
						<width>100%</width>
						<height max="130">auto</height>
						<align>justify</align>
						<aligny>top</aligny>
						<label>$INFO[Window.Property(Biography)]</label>
						<font>Light24</font>
						<autoscroll>false</autoscroll>
					</control>
				</control>
				<!-- logo -->
				<include>MetaClearlogo</include>
			</control>
			<!-- movies -->
			<include content="PosterWidget">
				<param name="id" value="150"/>
				<param name="onup" value="100"/>
				<param name="ondown" value="250"/>
				<param name="headline" value="$LOCALIZE[342]"/>
				<param name="mainlabel" value="$INFO[ListItem.Label]"/>
				<param name="sublabel" value="$INFO[ListItem.Year]"/>
				<param name="visible_icon" value="false"/>
				<param name="use_custom_content" value="false"/>
			</include>
			<!-- shows -->
			<include content="PosterWidget">
				<param name="id" value="250"/>
				<param name="onup" value="150"/>
				<param name="ondown" value="450"/>
				<param name="onback" value="100"/>
				<param name="headline" value="$LOCALIZE[36903]"/>
				<param name="mainlabel" value="$INFO[ListItem.Label]"/>
				<param name="sublabel" value="$INFO[ListItem.Year]"/>
				<param name="visible_icon" value="false"/>
				<param name="use_custom_content" value="false"/>
			</include>
			<!-- images -->
			<include content="PosterWidget">
				<param name="id" value="450"/>
				<param name="onup" value="250"/>
				<param name="ondown" value="750"/>
				<param name="onback" value="100"/>
				<param name="headline" value="$LOCALIZE[1]"/>
				<param name="mainlabel" value="$INFO[ListItem.ID]"/>
				<param name="sublabel" value="$INFO[ListItem.Year]"/>
				<param name="visible_icon" value="false"/>
				<param name="use_custom_content" value="false"/>
				<param name="height" value="516"/>
			</include>
			<!-- fanart -->
			<include content="WideWidget">
				<param name="id" value="750"/>
				<param name="onup" value="450"/>
				<param name="ondown" value="noop"/>
				<param name="onback" value="100"/>
				<param name="headline" value="$LOCALIZE[20445]"/>
				<param name="mainlabel" value="$INFO[ListItem.Label]"/>
				<param name="visible_icon" value="false"/>
				<param name="use_custom_content" value="false"/>
				<param name="height" value="448"/>
			</include>
		</control>
		<!-- header bar -->
		<include content="HeaderBar">
			<param name="id">50</param>
			<param name="header_label">$LOCALIZE[29934]</param>
		</include>
		<!-- side panel -->
		<include content="SidePanel">
			<param name="onright">50</param>
		</include>
	</controls>
</window>
