<?xml version="1.0" encoding="UTF-8"?>
<window>
	<allowoverlay>true</allowoverlay>
	<visible>Window.IsActive(Visualisation) + Player.HasAudio + !Window.IsVisible(musicplaylist)</visible>
	<onunload condition="Window.IsVisible(musicplaylist)">SetFocus(50)</onunload>
	<include>PropertyIncludes</include>
	<controls>
		<!-- Hidden -->
		<control type="spincontrol" id="111">
			<visible>false</visible>
		</control>
		<control type="list" id="120">
			<visible>false</visible>
		</control>
		<control type="spincontrol" id="121">
			<visible>false</visible>
		</control>
		<control type="label" id="200">
			<description>Scraper Label</description>
			<label>-</label>
			<visible>false</visible>
		</control>
		<!-- Layout -->
		<control type="group">
			<animation effect="slide" end="0,-108" start="0,0" time="200" tween="linear" easing="inout" condition="Player.ShowInfo | Window.IsVisible(musicosd) | Window.IsVisible(seekbar) | Player.Paused | [Window.IsVisible(volumebar) + !Player.Muted] | !String.IsEmpty(Window(home).Property(showvisinfo))">Conditional</animation>
			<include condition="Skin.HasSetting(FancyLyrics)">FancyLyrics</include>
			<include condition="!Skin.HasSetting(FancyLyrics)">SimpleLyrics</include>
		</control>
	</controls>
</window>