<?xml version="1.0" encoding="UTF-8"?>
<window>
	<defaultcontrol always="true">12</defaultcontrol>
	<backgroundcolor>background</backgroundcolor>
	<include content="PropertyIncludes">
		<param name="ShowHeader" value="true"/>
	</include>
	<controls>
		<control type="group" id="100">
			<include>HiddenObject</include>
		</control>
		<control type="group" id="101">
			<include>HiddenObject</include>
		</control>
		<control type="label" id="110">
			<include>HiddenObject</include>
		</control>
		<control type="label" id="119">
			<include>HiddenObject</include>
		</control>
		<control type="label" id="120">
			<include>HiddenObject</include>
		</control>
		<control type="label" id="129">
			<include>HiddenObject</include>
		</control>
		<control type="label" id="130">
			<include>HiddenObject</include>
		</control>
		<control type="label" id="139">
			<include>HiddenObject</include>
		</control>
		<control type="label" id="140">
			<include>HiddenObject</include>
		</control>
		<control type="label" id="149">
			<include>HiddenObject</include>
		</control>
		<control type="label" id="150">
			<include>HiddenObject</include>
		</control>
		<control type="label" id="159">
			<include>HiddenObject</include>
		</control>
		<control type="label" id="160">
			<include>HiddenObject</include>
		</control>
		<control type="label" id="169">
			<include>HiddenObject</include>
		</control>
		<control type="label" id="170">
			<include>HiddenObject</include>
		</control>
		<control type="label" id="179">
			<include>HiddenObject</include>
		</control>
		<control type="label" id="180">
			<include>HiddenObject</include>
		</control>
		<control type="label" id="189">
			<include>HiddenObject</include>
		</control>
		<control type="label" id="190">
			<include>HiddenObject</include>
		</control>
		<control type="label" id="191">
			<include>HiddenObject</include>
		</control>
		<control type="label" id="199">
			<include>HiddenObject</include>
		</control>
		<control type="label" id="200">
			<include>HiddenObject</include>
		</control>
		<control type="label" id="209">
			<include>HiddenObject</include>
		</control>
		<control type="label" id="210">
			<include>HiddenObject</include>
		</control>
		<control type="label" id="219">
			<include>HiddenObject</include>
		</control>
		<control type="label" id="220">
			<include>HiddenObject</include>
		</control>
		<control type="list" id="221">
			<include>HiddenObject</include>
		</control>
		<control type="list" id="201">
			<include>HiddenObject</include>
		</control>
		<control type="label" id="229">
			<include>HiddenObject</include>
		</control>
		<control type="label" id="230">
			<include>HiddenObject</include>
		</control>
		<control type="label" id="239">
			<include>HiddenObject</include>
		</control>
		<control type="label" id="990">
			<include>HiddenObject</include>
		</control>
		<control type="label" id="991">
			<include>HiddenObject</include>
		</control>
		<control type="button" id="998">
			<include>HiddenObject</include>
			<onfocus>SetFocus(13)</onfocus>
		</control>
		<control type="label" id="999">
			<include>HiddenObject</include>
		</control>

		<!-- background -->
		<include>Background</include>

		<!-- results -->
		<control type="grouplist" id="10">
			<include>Window_OpenClose</include>
			<defaultcontrol>10000</defaultcontrol>
			<width>100%</width>
			<height>100%</height>
			<itemgap>-80</itemgap>
			<orientation>vertical</orientation>
			<usecontrolcoords>true</usecontrolcoords>
			<include>ScrollTime</include>
			<pagecontrol>17</pagecontrol>
			<include content="WidgetSpacer">
				<param name="id" value="11"/>
			</include>
			<control type="group">
				<width>1920</width>
				<height>239</height>
				<control type="group">
					<include content="widget_headline">
						<param name="headline">$LOCALIZE[19133] $INFO[Window.Property(GlobalSearch.SearchString),',' ]$INFO[Control.GetLabel(190), - ] $INFO[Control.GetLabel(191)] $INFO[Control.GetLabel(199), - ]</param>
					</include>
					<control type="grouplist" id="12">
						<top>92</top>
						<left>70</left>
						<height>60</height>
						<orientation>horizontal</orientation>
						<itemgap>5</itemgap>
						<onright>noop</onright>
						<onleft>900</onleft>
						<onup>6666</onup>
						<ondown>111</ondown>
						<control type="button" id="198">
							<height>60</height>
							<label>$LOCALIZE[31052]</label>
							<onup>6666</onup>
							<ondown>111</ondown>
						</control>
					</control>
				</control>
			</control>
			<!-- movies -->
			<include content="PosterWidget">
				<param name="id" value="111"/>
				<param name="onup" value="12"/>
				<param name="ondown" value="121"/>
				<param name="headline" value="$LOCALIZE[342]"/>
				<param name="mainlabel" value="$INFO[ListItem.Label]"/>
				<param name="sublabel" value="$INFO[ListItem.Property(Year)]"/>
				<param name="visible" value="Control.IsVisible(119)"/>
				<param name="use_custom_content">false</param>
			</include>
			<!-- tvshows -->
			<include content="WideWidget">
				<param name="id" value="121"/>
				<param name="onup" value="111"/>
				<param name="ondown" value="131"/>
				<param name="thumb" value="$VAR[GlobalSearchIconTVShows]"/>
				<param name="headline" value="$LOCALIZE[20343]"/>
				<param name="mainlabel" value="$INFO[ListItem.Label]"/>
				<param name="sublabel" value="$INFO[ListItem.Property(Year)]"/>
				<param name="visible" value="Control.IsVisible(129)"/>
				<param name="use_custom_content">false</param>
			</include>
			<!-- seasons -->
			<include content="PosterWidget">
				<param name="id" value="131"/>
				<param name="onup" value="121"/>
				<param name="ondown" value="141"/>
				<param name="thumb" value="$VAR[GlobalSearchIconTVShows]"/>
				<param name="headline" value="$LOCALIZE[33054]"/>
				<param name="mainlabel" value="$INFO[ListItem.Label,$LOCALIZE[20373] ]"/>
				<param name="sublabel" value="$INFO[ListItem.TvShowTitle]"/>
				<param name="visible" value="Control.IsVisible(139)"/>
				<param name="use_custom_content">false</param>
			</include>
			<!-- episodes -->
			<include content="WideWidget">
				<param name="id" value="141"/>
				<param name="onup" value="131"/>
				<param name="ondown" value="151"/>
				<param name="thumb" value="$INFO[ListItem.Icon]"/>
				<param name="headline" value="$LOCALIZE[20360]"/>
				<param name="mainlabel" value="$INFO[ListItem.Property(TvShowTitle)]"/>
				<param name="sublabel" value="$INFO[ListItem.Property(Season),S,:]$INFO[ListItem.Property(Episode),E, - ]$INFO[ListItem.label]"/>
				<param name="visible" value="Control.IsVisible(149)"/>
				<param name="use_custom_content">false</param>
			</include>
			<!-- music videos -->
			<include content="WideWidget">
				<param name="id" value="151"/>
				<param name="onup" value="141"/>
				<param name="ondown" value="161"/>
				<param name="headline" value="$LOCALIZE[20389]"/>
				<param name="mainlabel" value="$INFO[ListItem.Label]"/>
				<param name="visible" value="Control.IsVisible(159)"/>
				<param name="use_custom_content">false</param>
			</include>
			<!-- artists  -->
			<include content="SquareWidget">
				<param name="id" value="161"/>
				<param name="onup" value="151"/>
				<param name="ondown" value="171"/>
				<param name="headline" value="$LOCALIZE[133]"/>
				<param name="mainlabel" value="$INFO[ListItem.Label]"/>
				<param name="visible" value="Control.IsVisible(169)"/>
				<param name="use_custom_content">false</param>
			</include>
			<!-- albums  -->
			<include content="SquareWidget">
				<param name="id" value="171"/>
				<param name="onup" value="161"/>
				<param name="ondown" value="181"/>
				<param name="headline" value="$LOCALIZE[132]"/>
				<param name="mainlabel" value="$INFO[ListItem.Label]"/>
				<param name="sublabel" value="$INFO[ListItem.Property(Artist)]"/>
				<param name="visible" value="Control.IsVisible(179)"/>
				<param name="use_custom_content">false</param>
			</include>
			<!-- songs  -->
			<include content="SquareWidget">
				<param name="id" value="181"/>
				<param name="onup" value="171"/>
				<param name="ondown" value="211"/>
				<param name="headline" value="$LOCALIZE[134]"/>
				<param name="mainlabel" value="$INFO[ListItem.Label]"/>
				<param name="sublabel" value="$INFO[ListItem.Property(Artist)]"/>
				<param name="visible" value="Control.IsVisible(189)"/>
				<param name="use_custom_content">false</param>
			</include>
			<!-- actor movies  -->
			<include content="PosterWidget">
				<param name="id" value="211"/>
				<param name="onup" value="181"/>
				<param name="ondown" value="231"/>
				<param name="headline" value="$LOCALIZE[31233] $INFO[Window.Property(GlobalSearch.SearchString)]"/>
				<param name="mainlabel" value="$INFO[ListItem.Label]"/>
				<param name="sublabel" value="$INFO[ListItem.Year]"/>
				<param name="visible" value="Control.IsVisible(219)"/>
				<param name="use_custom_content">false</param>
			</include>
			<!-- director movies  -->
			<include content="PosterWidget">
				<param name="id" value="231"/>
				<param name="onup" value="211"/>
				<param name="ondown" value="noop"/>
				<param name="headline" value="$LOCALIZE[31235] $INFO[Window.Property(GlobalSearch.SearchString)]"/>
				<param name="mainlabel" value="$INFO[ListItem.Label]"/>
				<param name="sublabel" value="$INFO[ListItem.Year]"/>
				<param name="visible" value="Control.IsVisible(239)"/>
				<param name="use_custom_content">false</param>
			</include>

		</control>
		<!-- header bar -->
		<include content="HeaderBar">
			<param name="id">10</param>
		</include>
		<!-- side panel -->
		<include content="SidePanel"/>
	</controls>
</window>