<?xml version="1.0" encoding="UTF-8"?>
<addon id="skin.blue.telecable" version="1.0.2" name="Blue Telecable" provider-name="bluerobot team">
	<requires>
		<import addon="xbmc.gui" version="5.14.0"/>
		<import addon="script.embuary.helper" version="1.0.0"/>
		<import addon="plugin.program.autocompletion" version="1.0.1"/>
		<import addon="script.skinshortcuts" version="1.0.17"/>
		<import addon="resource.images.weathericons.outline-hd" version="0.0.3"/>
	</requires>
	<extension point="xbmc.gui.skin" debugging="false">
		<res width="1920" height="1080" aspect="16:9" default="true" folder="xml" />
	</extension>
	<extension point="xbmc.addon.metadata">

		<summary lang="en_US">Blue skin</summary>
		<summary lang="es_MX">Mascara Blue de Bluerobot team</summary>

		<description lang="en_US">Embuary is based on the web UI of Emby and has been developed for Emby-For-kodi User.</description>
		<description lang="nl_NL">Embuary is gebaseerd op Emby's Web UI en ontwikkeld voor Emby-For-Kodi gebruikers.</description>
		<disclaimer lang="en_US">No mouse support. With the installation of the skin you agree that you don't use it in combination with blacklisted and illegal Kodi add-ons. I'm not associated with any available build and I won't give any support to blacklisted, banned or illegal third party addons.</disclaimer>
		<platform>all</platform>
		<license>CC by-nc-nd 4.0, GNU GENERAL PUBLIC LICENSE Version 2.0</license>
		<forum></forum>
		<source>https://gitlab.com/tvstream-iptv/skin.blue.telecable</source>
		<assets>
			<icon>resources/icon.png</icon>
			<fanart>resources/fanart.jpg</fanart>
			<screenshot>resources/screenshot-01.jpg</screenshot>

		</assets>
	</extension>
</addon>
