<?xml version="1.0" encoding="UTF-8" standalone="yes"?>
<addon id="repository.bluerobot" name="Bluerobot Repositorio" version="1.0.0" provider-name="Jose Vergara">
    <extension point="xbmc.addon.repository" name="Bluerobot repositorio">
        <info>http://159.89.43.103/tvstream/repository.kodi/raw/master/Repositorio/addons.xml</info>
        <checksum>http://159.89.43.103/tvstream/repository.kodi/raw/master/Repositorio/addons.xml.md5</checksum>
        <datadir zip="true">http://159.89.43.103/tvstream/repository.kodi/raw/master/Repositorio/</datadir>
    </extension>
    <extension point="xbmc.addon.metadata">
        <summary>Repositorio para Mi</summary>
        <description></description>
        <disclaimer></disclaimer>
        <platform>all</platform>
    </extension>
</addon>
