<?xml version="1.0" encoding="UTF-8"?>
<window id="1129">
	<defaultcontrol always="true">5500</defaultcontrol>
	<menucontrol>7000</menucontrol>
	<onunload>RunScript(script.skinshortcuts,type=buildxml&amp;mode=single&amp;mainmenuID=9000&amp;group=mainmenu|optionsmenu)</onunload>

	<controls>

		<!-- Background -->
		<include content="background_Global">
			<param name="GhostTexture">overlays/90.png</param>
		</include>

		<!-- Window chrome -->		
		<control type="group">
			<include>toggle_Menu</include>
			<control type="group">
				<include>transition_Chrome</include>
				<include content="global_WindowChrome">
					<param name="Title">$VAR[window:Title.System]</param>
				</include>
			</control>
		</control>

		<!-- Main container -->
		<control type="group" id="5500">
			<left>128</left>
			<top>198</top>
			<include>toggle_Menu</include>
			<include>transition_Content</include>

			<!-- Categories -->
			<control type="grouplist" id="9001">
				<width>384</width>
				<onleft>7000</onleft>
				<onup>9001</onup>
				<ondown>9001</ondown>
				
				<!-- Videos -->
				<control type="button" id="1">
					<include>settings_Menu</include>
					<label>$LOCALIZE[3]</label>
					<onfocus>Skin.SetString(category,videos)</onfocus>
					<onright>9100</onright>
				</control>

				<!-- Movies -->
				<control type="button" id="2">
					<include>settings_Menu</include>
					<label>$LOCALIZE[342]</label>
					<onfocus>Skin.SetString(category,movies)</onfocus>
					<onright>9200</onright>
				</control>

				<!-- TV Shows -->
				<control type="button" id="3">
					<include>settings_Menu</include>
					<label>$LOCALIZE[20343]</label>
					<onfocus>Skin.SetString(category,tvshows)</onfocus>
					<onright>9300</onright>
				</control>

				<!-- Music -->
				<control type="button" id="4">
					<include>settings_Menu</include>
					<label>$LOCALIZE[2]</label>
					<onfocus>Skin.SetString(category,music)</onfocus>
					<onright>9400</onright>
				</control>

				<!-- Addons -->
				<control type="button" id="5">
					<include>settings_Menu</include>
					<label>$LOCALIZE[24001]</label>
					<onfocus>Skin.SetString(category,addons)</onfocus>
					<onright>9500</onright>
				</control>

			</control>

			<control type="group" id="9002">
				<left>448</left>

				<!-- Videos -->                    
				<control type="grouplist" id="9100">
					<width>1216</width>
					<height>810</height>
					<onleft>9001</onleft>
					<onright>6500</onright>
					<onup>9105</onup>
					<ondown>9105</ondown>
					<onright>6500</onright>
					<pagecontrol>6500</pagecontrol>
					<visible>Skin.String(category,videos)</visible>

					<!-- Source 1 -->
					<control type="grouplist" id="9110">
						<height>90</height>
						<orientation>horizontal</orientation>
						<control type="button" id="9111">
							<width>1108</width>
							<label>$LOCALIZE[1026] 1</label>
							<label2>$INFO[Skin.String(hub.videos.1)]</label2>
							<ondown>9121</ondown>
							<onclick>Skin.SetPath(hub.videos.1,sources://video)</onclick>
							<include>button_Settings</include>
						</control>
						<control type="button" id="9112">
							<label>&#57428;</label>
							<width>108</width>
							<ondown>9121</ondown>
							<onclick>Skin.Reset(hub.videos.1)</onclick>
							<include>button_Dialog</include>
						</control>
					</control>

					<!-- Source 2 -->
					<control type="grouplist" id="9120">
						<height>90</height>
						<orientation>horizontal</orientation>
						<control type="button" id="9121">
							<width>1108</width>
							<label>$LOCALIZE[1026] 2</label>
							<label2>$INFO[Skin.String(hub.videos.2)]</label2>
							<ondown>9131</ondown>
							<onclick>Skin.SetPath(hub.videos.2,sources://video)</onclick>
							<include>button_Settings</include>
						</control>
						<control type="button" id="9122">
							<label>&#57428;</label>
							<width>108</width>
							<ondown>9131</ondown>
							<onclick>Skin.Reset(hub.videos.2)</onclick>
							<include>button_Dialog</include>
						</control>
					</control>

					<!-- Source 3 -->
					<control type="grouplist" id="9130">
						<height>90</height>
						<orientation>horizontal</orientation>
						<control type="button" id="9131">
							<width>1108</width>
							<label>$LOCALIZE[1026] 3</label>
							<label2>$INFO[Skin.String(hub.videos.3)]</label2>
							<ondown>9141</ondown>
							<onclick>Skin.SetPath(hub.videos.3,sources://video)</onclick>
							<include>button_Settings</include>
						</control>
						<control type="button" id="9132">
							<label>&#57428;</label>
							<width>108</width>
							<ondown>9141</ondown>
							<onclick>Skin.Reset(hub.videos.3)</onclick>
							<include>button_Dialog</include>
						</control>
					</control>

					<!-- Source 4 -->
					<control type="grouplist" id="9140">
						<height>90</height>
						<orientation>horizontal</orientation>
						<control type="button" id="9141">
							<width>1108</width>
							<label>$LOCALIZE[1026] 4</label>
							<label2>$INFO[Skin.String(hub.videos.4)]</label2>
							<ondown>9151</ondown>
							<onclick>Skin.SetPath(hub.videos.4,sources://video)</onclick>
							<include>button_Settings</include>
						</control>
						<control type="button" id="9142">
							<label>&#57428;</label>
							<width>108</width>
							<ondown>9151</ondown>
							<onclick>Skin.Reset(hub.videos.4)</onclick>
							<include>button_Dialog</include>
						</control>
					</control>

					<!-- Source 5 -->
					<control type="grouplist" id="9150">
						<height>90</height>
						<orientation>horizontal</orientation>
						<control type="button" id="9151">
							<width>1108</width>
							<label>$LOCALIZE[1026] 5</label>
							<label2>$INFO[Skin.String(hub.videos.5)]</label2>
							<ondown>9161</ondown>
							<onclick>Skin.SetPath(hub.videos.5,sources://video)</onclick>
							<include>button_Settings</include>
						</control>
						<control type="button" id="9152">
							<label>&#57428;</label>
							<width>108</width>
							<ondown>9161</ondown>
							<onclick>Skin.Reset(hub.videos.5)</onclick>
							<include>button_Dialog</include>
						</control>
					</control>

					<!-- Source 6 -->
					<control type="grouplist" id="9160">
						<height>90</height>
						<orientation>horizontal</orientation>
						<control type="button" id="9161">
							<width>1108</width>
							<label>$LOCALIZE[1026] 6</label>
							<label2>$INFO[Skin.String(hub.videos.6,sources://video)]</label2>
							<ondown>9171</ondown>
							<onclick>Skin.SetPath(hub.videos.6)</onclick>
							<include>button_Settings</include>
						</control>
						<control type="button" id="9162">
							<label>&#57428;</label>
							<width>108</width>
							<ondown>9171</ondown>
							<onclick>Skin.Reset(hub.videos.6)</onclick>
							<include>button_Dialog</include>
						</control>
					</control>

					<!-- Source 7 -->
					<control type="grouplist" id="9170">
						<height>90</height>
						<orientation>horizontal</orientation>
						<control type="button" id="9171">
							<width>1108</width>
							<label>$LOCALIZE[1026] 6</label>
							<label2>$INFO[Skin.String(hub.videos.7,sources://video)]</label2>
							<ondown>9111</ondown>
							<onclick>Skin.SetPath(hub.videos.7)</onclick>
							<include>button_Settings</include>
						</control>
						<control type="button" id="9172">
							<label>&#57428;</label>
							<width>108</width>
							<ondown>9111</ondown>
							<onclick>Skin.Reset(hub.videos.7)</onclick>
							<include>button_Dialog</include>
						</control>
					</control>

				</control>


				<!-- Movies -->                    
				<control type="grouplist" id="9200">
					<width>1216</width>
					<height>810</height>
					<onleft>9001</onleft>
					<onright>6500</onright>
					<onup>9105</onup>
					<ondown>9105</ondown>
					<onright>6500</onright>
					<pagecontrol>6500</pagecontrol>
					<visible>Skin.String(category,movies)</visible>

					<!-- Source 1 -->
					<control type="button" id="9211">
						<label>$LOCALIZE[1026] 1</label>
						<label2>$INFO[Skin.String(hub.movies.1.Label)]</label2>
						<onclick condition="System.HasAddon(script.skin.helper.service)">RunScript(script.skin.helper.service,action=setskinsetting,setting=hub.movies.1,header=$LOCALIZE[31385])</onclick>
						<include>install_HelperService</include>
						<include>button_Settings</include>
					</control>
					<!-- Source 2 -->
					<control type="button" id="9212">
						<label>$LOCALIZE[1026] 2</label>
						<label2>$INFO[Skin.String(hub.movies.2.Label)]</label2>
						<onclick condition="System.HasAddon(script.skin.helper.service)">RunScript(script.skin.helper.service,action=setskinsetting,setting=hub.movies.2,header=$LOCALIZE[31385])</onclick>
						<include>install_HelperService</include>
						<include>button_Settings</include>
						<visible>!String.IsEmpty(Skin.String(hub.movies.1))</visible>
					</control>
					<!-- Source 3 -->
					<control type="button" id="9213">
						<label>$LOCALIZE[1026] 3</label>
						<label2>$INFO[Skin.String(hub.movies.3.Label)]</label2>
						<onclick condition="System.HasAddon(script.skin.helper.service)">RunScript(script.skin.helper.service,action=setskinsetting,setting=hub.movies.3,header=$LOCALIZE[31385])</onclick>
						<include>install_HelperService</include>
						<include>button_Settings</include>
						<visible>!String.IsEmpty(Skin.String(hub.movies.2))</visible>
					</control>
					<!-- Source 4 -->
					<control type="button" id="9214">
						<label>$LOCALIZE[1026] 4</label>
						<label2>$INFO[Skin.String(hub.movies.4.Label)]</label2>
						<onclick condition="System.HasAddon(script.skin.helper.service)">RunScript(script.skin.helper.service,action=setskinsetting,setting=hub.movies.4,header=$LOCALIZE[31385])</onclick>
						<include>install_HelperService</include>
						<include>button_Settings</include>
						<visible>!String.IsEmpty(Skin.String(hub.movies.3))</visible>
					</control>
					<!-- Source 5 -->
					<control type="button" id="9215">
						<label>$LOCALIZE[1026] 5</label>
						<label2>$INFO[Skin.String(hub.movies.5.Label)]</label2>
						<onclick condition="System.HasAddon(script.skin.helper.service)">RunScript(script.skin.helper.service,action=setskinsetting,setting=hub.movies.5,header=$LOCALIZE[31385])</onclick>
						<include>install_HelperService</include>
						<include>button_Settings</include>
						<visible>!String.IsEmpty(Skin.String(hub.movies.4))</visible>
					</control>
					<!-- Source 6 -->
					<control type="button" id="9216">
						<label>$LOCALIZE[1026] 6</label>
						<label2>$INFO[Skin.String(hub.movies.6.Label)]</label2>
						<onclick condition="System.HasAddon(script.skin.helper.service)">RunScript(script.skin.helper.service,action=setskinsetting,setting=hub.movies.6,header=$LOCALIZE[31385])</onclick>
						<include>install_HelperService</include>
						<include>button_Settings</include>
						<visible>!String.IsEmpty(Skin.String(hub.movies.5))</visible>
					</control>
					<!-- Source 7 -->
					<control type="button" id="9217">
						<label>$LOCALIZE[1026] 7</label>
						<label2>$INFO[Skin.String(hub.movies.7.Label)]</label2>
						<onclick condition="System.HasAddon(script.skin.helper.service)">RunScript(script.skin.helper.service,action=setskinsetting,setting=hub.movies.7,header=$LOCALIZE[31385])</onclick>
						<include>install_HelperService</include>
						<include>button_Settings</include>
						<visible>!String.IsEmpty(Skin.String(hub.movies.6))</visible>
					</control>

				</control>

				<!-- TV Shows -->                    
				<control type="grouplist" id="9300">
					<width>1216</width>
					<height>810</height>
					<onleft>9001</onleft>
					<onright>6500</onright>
					<onup>9300</onup>
					<ondown>9300</ondown>
					<onright>6500</onright>
					<pagecontrol>6500</pagecontrol>
					<visible>Skin.String(category,tvshows)</visible>

					<!-- Source 1 -->
					<control type="button" id="9301">
						<label>$LOCALIZE[1026] 1</label>
						<label2>$INFO[Skin.String(hub.shows.1.Label)]</label2>
						<onclick condition="System.HasAddon(script.skin.helper.service)">RunScript(script.skin.helper.service,action=setskinsetting,setting=hub.shows.1,header=$LOCALIZE[31386])</onclick>
						<include>install_HelperService</include>
						<include>button_Settings</include>
					</control>
					<!-- Source 2 -->
					<control type="button" id="9302">
						<label>$LOCALIZE[1026] 2</label>
						<label2>$INFO[Skin.String(hub.shows.2.Label)]</label2>
						<onclick condition="System.HasAddon(script.skin.helper.service)">RunScript(script.skin.helper.service,action=setskinsetting,setting=hub.shows.2,header=$LOCALIZE[31386])</onclick>
						<include>install_HelperService</include>
						<include>button_Settings</include>
						<visible>!String.IsEmpty(Skin.String(hub.shows.1))</visible>
					</control>
					<!-- Source 3 -->
					<control type="button" id="9303">
						<label>$LOCALIZE[1026] 3</label>
						<label2>$INFO[Skin.String(hub.shows.3.Label)]</label2>
						<onclick condition="System.HasAddon(script.skin.helper.service)">RunScript(script.skin.helper.service,action=setskinsetting,setting=hub.shows.3,header=$LOCALIZE[31386])</onclick>
						<include>install_HelperService</include>
						<include>button_Settings</include>
						<visible>!String.IsEmpty(Skin.String(hub.shows.2))</visible>
					</control>
					<!-- Source 4 -->
					<control type="button" id="9304">
						<label>$LOCALIZE[1026] 4</label>
						<label2>$INFO[Skin.String(hub.shows.4.Label)]</label2>
						<onclick condition="System.HasAddon(script.skin.helper.service)">RunScript(script.skin.helper.service,action=setskinsetting,setting=hub.shows.4,header=$LOCALIZE[31386])</onclick>
						<include>install_HelperService</include>
						<include>button_Settings</include>
						<visible>!String.IsEmpty(Skin.String(hub.shows.3))</visible>
					</control>
					<!-- Source 5 -->
					<control type="button" id="9305">
						<label>$LOCALIZE[1026] 5</label>
						<label2>$INFO[Skin.String(hub.shows.5.Label)]</label2>
						<onclick condition="System.HasAddon(script.skin.helper.service)">RunScript(script.skin.helper.service,action=setskinsetting,setting=hub.shows.5,header=$LOCALIZE[31386])</onclick>
						<include>install_HelperService</include>
						<include>button_Settings</include>
						<visible>!String.IsEmpty(Skin.String(hub.shows.4))</visible>
					</control>
					<!-- Source 6 -->
					<control type="button" id="9306">
						<label>$LOCALIZE[1026] 6</label>
						<label2>$INFO[Skin.String(hub.shows.6.Label)]</label2>
						<onclick condition="System.HasAddon(script.skin.helper.service)">RunScript(script.skin.helper.service,action=setskinsetting,setting=hub.shows.6,header=$LOCALIZE[31386])</onclick>
						<include>install_HelperService</include>
						<include>button_Settings</include>
						<visible>!String.IsEmpty(Skin.String(hub.shows.5))</visible>
					</control>
					<!-- Source 7 -->
					<control type="button" id="9307">
						<label>$LOCALIZE[1026] 7</label>
						<label2>$INFO[Skin.String(hub.shows.7.Label)]</label2>
						<onclick condition="System.HasAddon(script.skin.helper.service)">RunScript(script.skin.helper.service,action=setskinsetting,setting=hub.shows.7,header=$LOCALIZE[31386])</onclick>
						<include>install_HelperService</include>
						<include>button_Settings</include>
						<visible>!String.IsEmpty(Skin.String(hub.shows.6))</visible>
					</control>

				</control>


				<!-- Music -->                    
				<control type="grouplist" id="9400">
					<width>1216</width>
					<height>810</height>
					<onleft>9001</onleft>
					<onright>6500</onright>
					<onup>9400</onup>
					<ondown>9400</ondown>
					<onright>6500</onright>
					<pagecontrol>6500</pagecontrol>
					<visible>Skin.String(category,music)</visible>

					<!-- Source 1 -->
					<control type="button" id="9401">
						<label>$LOCALIZE[1026] 1</label>
						<label2>$INFO[Skin.String(hub.music.1.Label)]</label2>
						<onclick condition="System.HasAddon(script.skin.helper.service)">RunScript(script.skin.helper.service,action=setskinsetting,setting=hub.music.1,header=$LOCALIZE[31387])</onclick>
						<include>install_HelperService</include>
						<include>button_Settings</include>
					</control>
					<!-- Source 2 -->
					<control type="button" id="9402">
						<label>$LOCALIZE[1026] 2</label>
						<label2>$INFO[Skin.String(hub.music.2.Label)]</label2>
						<onclick condition="System.HasAddon(script.skin.helper.service)">RunScript(script.skin.helper.service,action=setskinsetting,setting=hub.music.2,header=$LOCALIZE[31387])</onclick>
						<include>install_HelperService</include>
						<include>button_Settings</include>
						<visible>!String.IsEmpty(Skin.String(hub.music.1))</visible>
					</control>
					<!-- Source 3 -->
					<control type="button" id="9403">
						<label>$LOCALIZE[1026] 3</label>
						<label2>$INFO[Skin.String(hub.music.3.Label)]</label2>
						<onclick condition="System.HasAddon(script.skin.helper.service)">RunScript(script.skin.helper.service,action=setskinsetting,setting=hub.music.3,header=$LOCALIZE[31387])</onclick>
						<include>install_HelperService</include>
						<include>button_Settings</include>
						<visible>!String.IsEmpty(Skin.String(hub.music.2))</visible>
					</control>
					<!-- Source 4 -->
					<control type="button" id="9404">
						<label>$LOCALIZE[1026] 4</label>
						<label2>$INFO[Skin.String(hub.music.4.Label)]</label2>
						<onclick condition="System.HasAddon(script.skin.helper.service)">RunScript(script.skin.helper.service,action=setskinsetting,setting=hub.music.4,header=$LOCALIZE[31387])</onclick>
						<include>install_HelperService</include>
						<include>button_Settings</include>
						<visible>!String.IsEmpty(Skin.String(hub.music.3))</visible>
					</control>
					<!-- Source 5 -->
					<control type="button" id="9405">
						<label>$LOCALIZE[1026] 5</label>
						<label2>$INFO[Skin.String(hub.music.5.Label)]</label2>
						<onclick condition="System.HasAddon(script.skin.helper.service)">RunScript(script.skin.helper.service,action=setskinsetting,setting=hub.music.5,header=$LOCALIZE[31387])</onclick>
						<include>install_HelperService</include>
						<include>button_Settings</include>
						<visible>!String.IsEmpty(Skin.String(hub.music.4))</visible>
					</control>
					<!-- Source 6 -->
					<control type="button" id="9406">
						<label>$LOCALIZE[1026] 6</label>
						<label2>$INFO[Skin.String(hub.music.6.Label)]</label2>
						<onclick condition="System.HasAddon(script.skin.helper.service)">RunScript(script.skin.helper.service,action=setskinsetting,setting=hub.music.6,header=$LOCALIZE[31387])</onclick>
						<include>install_HelperService</include>
						<include>button_Settings</include>
						<visible>!String.IsEmpty(Skin.String(hub.music.5))</visible>
					</control>
					<!-- Source 7 -->
					<control type="button" id="9407">
						<label>$LOCALIZE[1026] 7</label>
						<label2>$INFO[Skin.String(hub.music.7.Label)]</label2>
						<onclick condition="System.HasAddon(script.skin.helper.service)">RunScript(script.skin.helper.service,action=setskinsetting,setting=hub.music.7,header=$LOCALIZE[31387])</onclick>
						<include>install_HelperService</include>
						<include>button_Settings</include>
						<visible>!String.IsEmpty(Skin.String(hub.music.6))</visible>
					</control>
				</control>

				<!-- Addons -->                    
				<control type="grouplist" id="9500">
					<width>1216</width>
					<height>810</height>
					<onleft>9001</onleft>
					<onright>6500</onright>
					<onup>9500</onup>
					<ondown>9500</ondown>
					<onright>6500</onright>
					<pagecontrol>6500</pagecontrol>
					<visible>Skin.String(category,addons)</visible>

					<!-- Source 1 -->
					<control type="button" id="9501">
						<label>$LOCALIZE[1026] 1</label>
						<label2>$INFO[Skin.String(hub.addons.1.Label)]</label2>
						<onclick condition="System.HasAddon(script.skin.helper.service)">RunScript(script.skin.helper.service,action=setskinsetting,setting=hub.addons.1,header=$LOCALIZE[31387])</onclick>
						<include>install_HelperService</include>
						<include>button_Settings</include>
					</control>
					<!-- Source 2 -->
					<control type="button" id="9502">
						<label>$LOCALIZE[1026] 2</label>
						<label2>$INFO[Skin.String(hub.addons.2.Label)]</label2>
						<onclick condition="System.HasAddon(script.skin.helper.service)">RunScript(script.skin.helper.service,action=setskinsetting,setting=hub.addons.2,header=$LOCALIZE[31387])</onclick>
						<include>install_HelperService</include>
						<include>button_Settings</include>
						<visible>!String.IsEmpty(Skin.String(hub.addons.1))</visible>
					</control>
					<!-- Source 3 -->
					<control type="button" id="9503">
						<label>$LOCALIZE[1026] 3</label>
						<label2>$INFO[Skin.String(hub.addons.3.Label)]</label2>
						<onclick condition="System.HasAddon(script.skin.helper.service)">RunScript(script.skin.helper.service,action=setskinsetting,setting=hub.addons.3,header=$LOCALIZE[31387])</onclick>
						<include>install_HelperService</include>
						<include>button_Settings</include>
						<visible>!String.IsEmpty(Skin.String(hub.addons.2))</visible>
					</control>
					<!-- Source 4 -->
					<control type="button" id="9504">
						<label>$LOCALIZE[1026] 4</label>
						<label2>$INFO[Skin.String(hub.addons.4.Label)]</label2>
						<onclick condition="System.HasAddon(script.skin.helper.service)">RunScript(script.skin.helper.service,action=setskinsetting,setting=hub.addons.4,header=$LOCALIZE[31387])</onclick>
						<include>install_HelperService</include>
						<include>button_Settings</include>
						<visible>!String.IsEmpty(Skin.String(hub.addons.3))</visible>
					</control>
					<!-- Source 5 -->
					<control type="button" id="9505">
						<label>$LOCALIZE[1026] 5</label>
						<label2>$INFO[Skin.String(hub.addons.5.Label)]</label2>
						<onclick condition="System.HasAddon(script.skin.helper.service)">RunScript(script.skin.helper.service,action=setskinsetting,setting=hub.addons.5,header=$LOCALIZE[31387])</onclick>
						<include>install_HelperService</include>
						<include>button_Settings</include>
						<visible>!String.IsEmpty(Skin.String(hub.addons.4))</visible>
					</control>
					<!-- Source 6 -->
					<control type="button" id="9506">
						<label>$LOCALIZE[1026] 6</label>
						<label2>$INFO[Skin.String(hub.addons.6.Label)]</label2>
						<onclick condition="System.HasAddon(script.skin.helper.service)">RunScript(script.skin.helper.service,action=setskinsetting,setting=hub.addons.6,header=$LOCALIZE[31387])</onclick>
						<include>install_HelperService</include>
						<include>button_Settings</include>
						<visible>!String.IsEmpty(Skin.String(hub.addons.5))</visible>
					</control>
					<!-- Source 7 -->
					<control type="button" id="9507">
						<label>$LOCALIZE[1026] 7</label>
						<label2>$INFO[Skin.String(hub.addons.7.Label)]</label2>
						<onclick condition="System.HasAddon(script.skin.helper.service)">RunScript(script.skin.helper.service,action=setskinsetting,setting=hub.addons.7,header=$LOCALIZE[31387])</onclick>
						<include>install_HelperService</include>
						<include>button_Settings</include>
						<visible>!String.IsEmpty(Skin.String(hub.addons.6))</visible>
					</control>
				</control>
			</control>
		</control>

		<!-- Scrollbar-->
		<include content="global_Scrollbar">
			<param name="OnLeft">9002</param>
		</include>

		<!-- Menu -->
		<include>menu_Options</include>

	</controls>
</window>