<?xml version="1.0" encoding="UTF-8"?>
<window>
	<defaultcontrol>9000</defaultcontrol>
	<onunload condition="String.IsEmpty(Window(Home).Property(GhostIsLoaded))">ActivateWindow(Startup.xml)</onunload>
	<controls>

		<include>background_Global</include>

		<!-- Window chrome -->

		<control type="progress" id="20">
			<left>128</left>
			<width>1664</width>
			<height>108</height>
			<info>Player.Progressbar</info>
			<texturebg colordiffuse="$VAR[color:Accent]">progress/player/0.png</texturebg>
			<lefttexture></lefttexture>
			<midtexture colordiffuse="$VAR[color:Accent]">progress/player/50.png</midtexture>
			<righttexture></righttexture>
			<include>transition_Chrome</include>
			<visible>Window.IsVisible(progressdialog)</visible>
		</control>

		<control type="group">
			<include>transition_Chrome</include>
			<include content="global_WindowChrome">
				<param name="Title">$VAR[window:Title.Dialog]</param>
				<param name="ShowItemCount">false</param>
			</include>
		</control>

		<!-- Content -->
		<control type="group">
			<left>128</left>
			<top>378</top>
			<width>1664</width>
			<include>transition_Content</include>
			<control type="group">
				<top>24</top>
				<left>256</left>
				<width>1152</width>
				<height>432</height>
				<textcolor>$VAR[color:Accent]</textcolor>
				<autoscroll time="3000" delay="4000" repeat="5000">true</autoscroll>
				<control type="textbox" id="9">
					<visible>String.IsEqual(Control.GetLabel(1),code gen)</visible>
					<font>Slab-32</font>
					<align>center</align>
				</control>
				<control type="textbox" id="9">
					<visible>!String.IsEqual(Control.GetLabel(1),code gen)</visible>
					<font>Slab-24-S</font>
					<align>center</align>
				</control>
			</control>
			<control type="progress" id="20">
				<width>1</width>
				<height>1</height>
				<top>-1080</top>
				<left>-1920</left>
				<info>System.Progressbar</info>
				<visible>false</visible>
			</control>

			<!-- Dialog buttons -->
			<control type="grouplist" id="9000">
				<centerleft>50%</centerleft>
				<top>360</top>
				<width>1664</width>
				<height>90</height>
				<onup>50</onup>
				<onleft>noop</onleft>
				<onright>71</onright>
				<align>center</align>
				<itemgap>0</itemgap>
				<orientation>horizontal</orientation>
				<!-- Ok -->
				<control type="button" id="11">
					<label>$LOCALIZE[107]</label>
					<width>256</width>
					<font>Black-24</font>
					<include>button_Dialog</include>
				</control>
				<!-- Cancel -->
				<control type="button" id="10">
					<label>$LOCALIZE[106]</label>
					<width>256</width>
					<font>Black-24</font>
					<include>button_Dialog</include>
				</control>
			</control>
		</control>
	</controls>
</window>
