<?xml version="1.0" encoding="UTF-8"?>
<window>
	<defaultcontrol>5500</defaultcontrol>
	<menucontrol>7000</menucontrol>
	<onload>SetFocus(9050)</onload>
	<controls>

		<!-- Menu trigger -->
		<control type="button" id="5500">
			<onleft>7000</onleft>
			<onfocus>SetFocus(9050)</onfocus>
			<onup>9050</onup>
			<ondown>9050</ondown>
			<visible allowhiddenfocus="true">false</visible>
		</control>

		<!-- Background -->
		<control type="group">
			<include>toggle_Menu</include>
			<include content="background_Global">
				<param name="GhostTexture">overlays/400.png</param>
				<param name="BackgroundPath">$VAR[background:Addon.TVGuide]</param>
			</include>

			<!-- Chrome -->
			<control type="group">
				<include>transition_Chrome</include>
				<include content="global_WindowChrome">
					<param name="Title">$VAR[window:Title.Addons]</param>
				</include>
			</control>

			<!-- Content -->
			<control type="group">
				<include>transition_Content</include>
				<control type="grouplist" id="9050">
					<left>0</left>
					<top>108</top>
					<width>1920</width>
					<height>972</height>
					<onup>noop</onup>
					<ondown>noop</ondown>
					<include>global_ListScroll</include>
					<orientation>vertical</orientation>
					<!-- Today -->
					<control type="group" id="100">
						<width>1920</width>
						<height>432</height>
						<visible>Integer.IsGreater(Container(200).NumItems,0)</visible>
						<include content="tvguide_Date">
							<param name="Day">$INFO[Window(Home).Property(NextAired.200.Wday)]</param>
							<param name="Date">$INFO[Window(Home).Property(NextAired.200.Date)]</param>
						</include>
						<control type="list" id="200">
							<include>tvguide_Container</include>
							<onup>noop</onup>
							<ondown>101</ondown>
							<include content="tvguide_Layout">
								<param name="ID">200</param>
							</include>
						</control>
					</control>				
					<!-- Tomorrow -->	
					<control type="group" id="101">
						<height>432</height>
						<visible>Integer.IsGreater(Container(201).NumItems,0)</visible>
						<include content="tvguide_Date">
							<param name="Day">$INFO[Window(Home).Property(NextAired.201.Wday)]</param>
							<param name="Date">$INFO[Window(Home).Property(NextAired.201.Date)]</param>
						</include>
						<control type="list" id="201">
							<include>tvguide_Container</include>
							<onup>100</onup>
							<ondown>102</ondown>
							<include content="tvguide_Layout">
								<param name="ID">201</param>
							</include>
						</control>
					</control>
					<!-- Today +2 -->
					<control type="group" id="102">
						<height>432</height>
						<visible>Integer.IsGreater(Container(202).NumItems,0)</visible>
						<include content="tvguide_Date">
							<param name="Day">$INFO[Window(Home).Property(NextAired.202.Wday)]</param>
							<param name="Date">$INFO[Window(Home).Property(NextAired.202.Date)]</param>
						</include>
						<control type="list" id="202">
							<include>tvguide_Container</include>
							<onup>101</onup>
							<ondown>103</ondown>
							<include content="tvguide_Layout">
								<param name="ID">202</param>
							</include>
						</control>
					</control>
					<!-- Today +3 -->
					<control type="group" id="103">
						<height>432</height>
						<visible>Integer.IsGreater(Container(203).NumItems,0)</visible>
						<include content="tvguide_Date">
							<param name="Day">$INFO[Window(Home).Property(NextAired.203.Wday)]</param>
							<param name="Date">$INFO[Window(Home).Property(NextAired.203.Date)]</param>
						</include>
						<control type="list" id="203">
							<include>tvguide_Container</include>
							<onup>102</onup>
							<ondown>104</ondown>
							<include content="tvguide_Layout">
								<param name="ID">203</param>
							</include>
						</control>
					</control>
					<!-- Today +4 -->
					<control type="group" id="104">
						<height>432</height>
						<visible>Integer.IsGreater(Container(204).NumItems,0)</visible>
						<include content="tvguide_Date">
							<param name="Day">$INFO[Window(Home).Property(NextAired.204.Wday)]</param>
							<param name="Date">$INFO[Window(Home).Property(NextAired.204.Date)]</param>
						</include>
						<control type="list" id="204">
							<include>tvguide_Container</include>
							<onup>103</onup>
							<ondown>105</ondown>
							<include content="tvguide_Layout">
								<param name="ID">204</param>
							</include>
						</control>
					</control>
					<!-- Today +5 -->
					<control type="group" id="105">
						<height>432</height>
						<visible>Integer.IsGreater(Container(205).NumItems,0)</visible>
						<include content="tvguide_Date">
							<param name="Day">$INFO[Window(Home).Property(NextAired.205.Wday)]</param>
							<param name="Date">$INFO[Window(Home).Property(NextAired.205.Date)]</param>
						</include>
						<control type="list" id="205">
							<include>tvguide_Container</include>
							<onup>104</onup>
							<ondown>106</ondown>
							<include content="tvguide_Layout">
								<param name="ID">205</param>
							</include>
						</control>
					</control>
					<!-- Today + 6 -->
					<control type="group" id="106">
						<height>432</height>
						<visible>Integer.IsGreater(Container(206).NumItems,0)</visible>
						<include content="tvguide_Date">
							<param name="Day">$INFO[Window(Home).Property(NextAired.206.Wday)]</param>
							<param name="Date">$INFO[Window(Home).Property(NextAired.206.Date)]</param>
						</include>
						<control type="list" id="206">
							<include>tvguide_Container</include>
							<onup>105</onup>
							<ondown>107</ondown>
							<include content="tvguide_Layout">
								<param name="ID">206</param>
							</include>
						</control>
					</control>
					<!-- Today + 7 -->
					<control type="group" id="107">
						<height>432</height>
						<visible>Integer.IsGreater(Container(207).NumItems,0)</visible>
						<include content="tvguide_Date">
							<param name="Day">$INFO[Window(Home).Property(NextAired.207.Wday)]</param>
							<param name="Date">$INFO[Window(Home).Property(NextAired.207.Date)]</param>
						</include>
						<control type="list" id="207">
							<include>tvguide_Container</include>
							<onup>106</onup>
							<ondown>108</ondown>
							<include content="tvguide_Layout">
								<param name="ID">207</param>
							</include>
						</control>
					</control>
					<!-- Today + 8 -->
					<control type="group" id="108">
						<height>432</height>
						<visible>Integer.IsGreater(Container(208).NumItems,0)</visible>
						<include content="tvguide_Date">
							<param name="Day">$INFO[Window(Home).Property(NextAired.208.Wday)]</param>
							<param name="Date">$INFO[Window(Home).Property(NextAired.208.Date)]</param>
						</include>
						<control type="list" id="208">
							<include>tvguide_Container</include>
							<onup>107</onup>
							<ondown>109</ondown>
							<include content="tvguide_Layout">
								<param name="ID">208</param>
							</include>
						</control>
					</control>
					<!-- Today + 9 -->
					<control type="group" id="109">
						<height>432</height>
						<visible>Integer.IsGreater(Container(209).NumItems,0)</visible>
						<include content="tvguide_Date">
							<param name="Day">$INFO[Window(Home).Property(NextAired.209.Wday)]</param>
							<param name="Date">$INFO[Window(Home).Property(NextAired.209.Date)]</param>
						</include>
						<control type="list" id="209">
							<include>tvguide_Container</include>
							<onup>107</onup>
							<ondown>110</ondown>
							<include content="tvguide_Layout">
								<param name="ID">209</param>
							</include>
						</control>
					</control>
					<!-- Today + 10 -->
					<control type="group" id="110">
						<height>432</height>
						<visible>Integer.IsGreater(Container(210).NumItems,0)</visible>
						<include content="tvguide_Date">
							<param name="Day">$INFO[Window(Home).Property(NextAired.210.Wday)]</param>
							<param name="Date">$INFO[Window(Home).Property(NextAired.210.Date)]</param>
						</include>
						<control type="list" id="210">
							<include>tvguide_Container</include>
							<onup>109</onup>
							<ondown>111</ondown>
							<include content="tvguide_Layout">
								<param name="ID">210</param>
							</include>
						</control>
					</control>
					<!-- Today + 11 -->
					<control type="group" id="111">
						<height>432</height>
						<visible>Integer.IsGreater(Container(211).NumItems,0)</visible>
						<include content="tvguide_Date">
							<param name="Day">$INFO[Window(Home).Property(NextAired.211.Wday)]</param>
							<param name="Date">$INFO[Window(Home).Property(NextAired.211.Date)]</param>
						</include>
						<control type="list" id="211">
							<include>tvguide_Container</include>
							<onup>110</onup>
							<ondown>112</ondown>
							<include content="tvguide_Layout">
								<param name="ID">211</param>
							</include>
						</control>
					</control>
					<!-- Today + 12 -->
					<control type="group" id="112">
						<height>432</height>
						<visible>Integer.IsGreater(Container(212).NumItems,0)</visible>
						<include content="tvguide_Date">
							<param name="Day">$INFO[Window(Home).Property(NextAired.212.Wday)]</param>
							<param name="Date">$INFO[Window(Home).Property(NextAired.212.Date)]</param>
						</include>
						<control type="list" id="212">
							<include>tvguide_Container</include>
							<onup>111</onup>
							<ondown>113</ondown>
							<include content="tvguide_Layout">
								<param name="ID">212</param>
							</include>
						</control>
					</control>
					<!-- Today + 13 -->
					<control type="group" id="113">
						<height>432</height>
						<visible>Integer.IsGreater(Container(213).NumItems,0)</visible>
						<include content="tvguide_Date">
							<param name="Day">$INFO[Window(Home).Property(NextAired.213.Wday)]</param>
							<param name="Date">$INFO[Window(Home).Property(NextAired.213.Date)]</param>
						</include>
						<control type="list" id="213">
							<include>tvguide_Container</include>
							<onup>112</onup>
							<ondown>114</ondown>
							<include content="tvguide_Layout">
								<param name="ID">213</param>
							</include>
						</control>
					</control>
					<!-- Today + 14 -->
					<control type="group" id="114">
						<height>432</height>
						<visible>Integer.IsGreater(Container(214).NumItems,0)</visible>
						<include content="tvguide_Date">
							<param name="Day">$INFO[Window(Home).Property(NextAired.214.Wday)]</param>
							<param name="Date">$INFO[Window(Home).Property(NextAired.214.Date)]</param>
						</include>
						<control type="list" id="214">
							<include>tvguide_Container</include>
							<onup>113</onup>
							<ondown>noop</ondown>
							<include content="tvguide_Layout">
								<param name="ID">214</param>
							</include>
						</control>
					</control>
				</control>
			</control>
		</control>

		<!-- Menu -->
		<include>menu_Options</include>
	
	</controls>
</window>