<?xml version="1.0" encoding="UTF-8"?>
<window>
	<onload>SetProperty(GhostIsLoaded,1,Home)</onload>

	<!-- Skin Helper -->
	<onload>Skin.SetString(SkinHelper.RandomFanartDelay,20)</onload>
	<onload condition="!Skin.HasSetting(pvr.scraper.disable)">Skin.SetBool(SkinHelper.EnablePVRThumbs)</onload>
	<onload>Skin.SetBool(SkinHelper.EnableExtendedArt)</onload>
	<onload>Skin.SetBool(SkinHelper.EnableMusicArt)</onload>
	<onload>Skin.SetBool(SkinHelper.EnableExtraFanart)</onload>
	<onload>Skin.SetBool(background.mediavideo)</onload>
	<onload>Skin.SetBool(home.clock)</onload>

	<!-- Colorbox -->
	<onload condition="System.HasAddon(script.colorbox) + !System.Platform.Android">RunScript(script.colorbox,daemon=True)</onload>
	<onload condition="System.HasAddon(script.colorbox) + !System.Platform.Android">Skin.SetString(fx.bitsize,1)</onload>
	<onload condition="System.HasAddon(script.colorbox) + !System.Platform.Android">Skin.SetString(fx.black,000000)</onload>
	<onload condition="System.HasAddon(script.colorbox) + !System.Platform.Android">Skin.SetString(fx.blursize,5)</onload>
	<onload condition="System.HasAddon(script.colorbox) + !System.Platform.Android">Skin.SetString(fx.blend,100)</onload>
	<onload condition="System.HasAddon(script.colorbox) + !System.Platform.Android">Skin.SetString(fx.pixelsize,12)</onload>
	<onload condition="System.HasAddon(script.colorbox) + !System.Platform.Android">Skin.SetString(fx.quality,8)</onload>
	<onload condition="System.HasAddon(script.colorbox) + !System.Platform.Android">Skin.SetString(fx.white,ffffff)</onload>
	<onload condition="System.HasAddon(script.colorbox) + !System.Platform.Android">SetProperty(FIVE_daemon_set,blur,home)</onload>
	<onload condition="System.HasAddon(script.colorbox) + !System.Platform.Android">SetProperty(SEVEN_daemon_set,True,home)</onload>
	<onload condition="System.HasAddon(script.colorbox) + !System.Platform.Android">AlarmClock(nms1,SetProperty(NINE_manual_set,"var=main,set=main:hsv*0.0;0.0;0.0|var=comp,set=main:hsv*0.0;-0.2;0.2|var=quality,set=$INFO[Skin.String(fx.quality)]|var=blursize,set=$INFO[Skin.String(fx.blursize)]|var=bitsize,set=$INFO[Skin.String(fx.bitsize)]|var=pixelsize,se​​t=$INFO[Skin.String(fx.pixelsize)]|var=blend,set=$INFO[Skin.String(colorbox_blend)]|var=black,set=$INFO[Skin.String(fx.black)]|var=white,set=$INFO[Skin.String(fx.white)]",home),00:05,true)</onload>

	<!-- Skin settings -->
	<onload condition="!String.IsEqual(Skin.String(background.home),fanart) + !String.IsEqual(Skin.String(background.home),videofanart)">Skin.SetString(HomeLoaded,True)</onload>
	<onload condition="Skin.HasSetting(startup.playlist)">PlayMedia($INFO[Skin.String(startup.playlist.path)])</onload>
	<onload condition="String.IsEmpty(Skin.String(autoscroll.speed))">Skin.SetString(autoscroll.speed,none)</onload>
	<onload condition="String.IsEmpty(Skin.String(background.home)) + !Library.HasContent(movies) + !Library.HasContent(tvshows)">Skin.SetString(background.home,custom)</onload>
	<onload condition="String.IsEmpty(Skin.String(background.home)) + [Library.HasContent(movies) | Library.HasContent(tvshows)]">Skin.SetString(background.home,fanart-video)</onload>
	<onload condition="String.IsEmpty(Skin.String(background.media)) + [Library.HasContent(movies) | Library.HasContent(tvshows)]">Skin.SetString(background.media,fanart)</onload>
	<onload condition="String.IsEmpty(Skin.String(background.nomedia))">Skin.SetString(background.nomedia,special://skin/extras/backgrounds/default.jpg)</onload>
	<onload condition="String.IsEmpty(Skin.String(epg.scrollspeed))">Skin.SetString(epg.scrollspeed,normal)</onload>
	<onload condition="String.IsEmpty(Skin.String(global.scrolltype))">Skin.SetString(global.scrolltype,active)</onload>
	<onload condition="String.IsEmpty(Skin.String(homemenu.layout))">Skin.SetString(homemenu.layout,vertical)</onload>
	<onload condition="String.IsEmpty(Skin.String(player.progress))">Skin.SetString(player.progress,remaining)</onload>
	<onload condition="String.IsEmpty(Skin.String(ratings.music))">Skin.SetString(ratings.music,disabled)</onload>
	<onload condition="String.IsEmpty(Skin.String(ratings.overlay))">Skin.SetString(ratings.overlay,disabled)</onload>
	<onload condition="String.IsEmpty(Skin.String(ratings.video))">Skin.SetString(ratings.video,disabled)</onload>
	<onload condition="String.IsEmpty(Skin.String(view.list.art))">Skin.SetString(view.list.art,fanart)</onload>
	<onload condition="String.IsEmpty(Skin.String(views.landscape.art))">Skin.SetString(views.landscape.art,fanart)</onload>

	<!-- Hub defaults -->
	<onload condition="String.IsEmpty(Skin.String(hub.movies.1))">Skin.SetString(hub.movies.1,inprogress)</onload>
	<onload condition="String.IsEmpty(Skin.String(hub.movies.2))">Skin.SetString(hub.movies.2,recent)</onload>
	<onload condition="String.IsEmpty(Skin.String(hub.movies.3))">Skin.SetString(hub.movies.3,all)</onload>

	<onload condition="String.IsEmpty(Skin.String(hub.shows.1))">Skin.SetString(hub.shows.1,watchlist)</onload>
	<onload condition="String.IsEmpty(Skin.String(hub.shows.2))">Skin.SetString(hub.shows.2,recent)</onload>
	<onload condition="String.IsEmpty(Skin.String(hub.shows.3))">Skin.SetString(hub.shows.3,all)</onload>

	<onload condition="String.IsEmpty(Skin.String(hub.music.1))">Skin.SetString(hub.music.1,played)</onload>
	<onload condition="String.IsEmpty(Skin.String(hub.music.2))">Skin.SetString(hub.music.2,recent)</onload>
	<onload condition="String.IsEmpty(Skin.String(hub.music.3))">Skin.SetString(hub.music.3,artists)</onload>

	<!-- Go -->
	<onload>ReplaceWindow($INFO[System.StartupWindow])</onload>

</window>
