<shortcuts>
	<shortcut>
		<defaultID>31712</defaultID>
		<label>$SKIN[31712|skin.ghost|Watchlist]</label>
		<label2>Skin shortcut</label2>
		<icon>DefaultShortcut.png</icon>
		<thumb />
		<action>ActivateWindow(Videos,plugin://script.skin.helper.widgets/?action=next&amp;mediatype=episodes)</action>
	</shortcut>
	<shortcut>
		<defaultID>31665</defaultID>
		<label>$SKIN[31665|skin.ghost|Recently Added]</label>
		<label2>Skin shortcut</label2>
		<icon>DefaultShortcut.png</icon>
		<thumb />
		<action>ActivateWindow(Videos,videodb://recentlyaddedepisodes/,return)</action>
	</shortcut>
	<shortcut>
		<defaultID>16101</defaultID>
		<label>16101</label>
		<label2>Skin shortcut</label2>
		<icon>DefaultShortcut.png</icon>
		<thumb />
		<action>ActivateWindow(Videos,special://skin/extras/playlists/episodes/unwatched.xsp,return)</action>
	</shortcut>
</shortcuts>
