<?xml version='1.0' encoding='UTF-8'?>
<shortcuts>
	<shortcut>
		<defaultID>1036</defaultID>
		<label>1036</label>
		<label2>Common menu item</label2>
		<icon>DefaultShortcut.png</icon>
		<thumb />
		<action>ActivateWindow(Favourites)</action>
	</shortcut>
	<shortcut>
		<defaultID>settings</defaultID>
		<label>10004</label>
		<label2>Settings</label2>
		<icon>DefaultShortcut.png</icon>
		<thumb />
		<action>ActivateWindow(Settings)</action>
	</shortcut>
	<shortcut>
		<defaultID>32055</defaultID>
		<label>32055</label>
		<label2>Kodi Command</label2>
		<icon>DefaultShortcut.png</icon>
		<thumb />
		<action>CleanLibrary(video,true)</action>
	</shortcut>
	<shortcut>
		<defaultID>32056</defaultID>
		<label>32056</label>
		<label2>Kodi Command</label2>
		<icon>DefaultShortcut.png</icon>
		<thumb />
		<action>CleanLibrary(music,true)</action>
	</shortcut>
	<!-- <shortcut>
		<defaultID>10007</defaultID>
		<label>10007</label>
		<label2>Common menu item</label2>
		<icon>DefaultShortcut.png</icon>
		<thumb />
		<action>ActivateWindow(SystemInfo)</action>
	</shortcut> -->
	<!-- <shortcut>
		<defaultID>31310</defaultID>
		<label>$SKIN[31310|skin.ghost|Customize options menu]</label>
		<label2>Skin shortcut</label2>
		<icon>DefaultShortcut.png</icon>
		<thumb />
		<action>RunScript(script.skinshortcuts,type=manage&amp;nolabels=True&amp;group=optionsmenu)</action>
	</shortcut> -->
</shortcuts>
