<?xml version="1.0" encoding="UTF-8"?>
<window id="1113" type="dialog">
	<defaultcontrol always="true">100</defaultcontrol>
	<onunload>ClearProperty(custom_widget_nr,home)</onunload>
	<include>PropertyIncludes</include>
	<controls>
		<!-- background -->
		<include content="DiffuseMask">
			<param name="color">background_diffuse</param>
			<param name="visible">!Window.IsVisible(1110)</param>
		</include>
		<!-- dialog -->
		<control type="grouplist">
			<visible>!Window.IsVisible(selectdialog) + !Window.IsVisible(numericinput) + !Window.IsVisible(virtualkeyboard)</visible>
			<include>Visible_PopupOpenClose</include>
			<include>Dialog_PopupOpenClose</include>
			<centerleft>50%</centerleft>
			<centertop>50%</centertop>
			<width>600</width>
			<height max="940">auto</height>
			<orientation>vertical</orientation>
			<itemgap>20</itemgap>
			<align>center</align>
			<!-- Headline -->
			<control type="group">
				<height>50</height>
				<control type="label">
					<width>100%</width>
					<height>48</height>
					<font>Reg24</font>
					<aligny>center</aligny>
					<textoffsetx>5</textoffsetx>
					<textcolor>text_headline</textcolor>
					<label>$LOCALIZE[31103]</label>
				</control>
				<include>GreenBar</include>
			</control>
			<!-- list -->
			<control type="group">
				<height>320</height>
				<control type="image">
					<height>320</height>
					<texture colordiffuse="panel_background">common/white.jpg</texture>
					<aspectratio>stretch</aspectratio>
				</control>
				<control type="grouplist" id="100">
					<centerleft>50%</centerleft>
					<top>10</top>
					<height>300</height>
					<onup>noop</onup>
					<onleft>200</onleft>
					<onright>200</onright>
					<ondown>200</ondown>
					<pagecontrol>60</pagecontrol>
					<include content="CustomWidgetConfigTemplate" condition="String.IsEqual(Window(home).Property(custom_widget_nr),1)">
						<param name="nr" value="1"/>
					</include>
					<include content="CustomWidgetConfigTemplate" condition="String.IsEqual(Window(home).Property(custom_widget_nr),2)">
						<param name="nr" value="2"/>
					</include>
					<include content="CustomWidgetConfigTemplate" condition="String.IsEqual(Window(home).Property(custom_widget_nr),3)">
						<param name="nr" value="3"/>
					</include>
					<include content="CustomWidgetConfigTemplate" condition="String.IsEqual(Window(home).Property(custom_widget_nr),4)">
						<param name="nr" value="4"/>
					</include>
					<include content="CustomWidgetConfigTemplate" condition="String.IsEqual(Window(home).Property(custom_widget_nr),5)">
						<param name="nr" value="5"/>
					</include>
					<include content="CustomWidgetConfigTemplate" condition="String.IsEqual(Window(home).Property(custom_widget_nr),6)">
						<param name="nr" value="6"/>
					</include>
					<include content="CustomWidgetConfigTemplate" condition="String.IsEqual(Window(home).Property(custom_widget_nr),7)">
						<param name="nr" value="7"/>
					</include>
					<include content="CustomWidgetConfigTemplate" condition="String.IsEqual(Window(home).Property(custom_widget_nr),8)">
						<param name="nr" value="8"/>
					</include>
					<include content="CustomWidgetConfigTemplate" condition="String.IsEqual(Window(home).Property(custom_widget_nr),9)">
						<param name="nr" value="9"/>
					</include>
					<include content="CustomWidgetConfigTemplate" condition="String.IsEqual(Window(home).Property(custom_widget_nr),10)">
						<param name="nr" value="10"/>
					</include>
					<include content="CustomWidgetConfigTemplate" condition="String.IsEqual(Window(home).Property(custom_widget_nr),11)">
						<param name="nr" value="11"/>
					</include>
					<include content="CustomWidgetConfigTemplate" condition="String.IsEqual(Window(home).Property(custom_widget_nr),12)">
						<param name="nr" value="12"/>
					</include>
					<include content="CustomWidgetConfigTemplate" condition="String.IsEqual(Window(home).Property(custom_widget_nr),13)">
						<param name="nr" value="13"/>
					</include>
					<include content="CustomWidgetConfigTemplate" condition="String.IsEqual(Window(home).Property(custom_widget_nr),14)">
						<param name="nr" value="14"/>
					</include>
					<include content="CustomWidgetConfigTemplate" condition="String.IsEqual(Window(home).Property(custom_widget_nr),15)">
						<param name="nr" value="15"/>
					</include>
					<include content="CustomWidgetConfigTemplate" condition="String.IsEqual(Window(home).Property(custom_widget_nr),16)">
						<param name="nr" value="16"/>
					</include>
					<include content="CustomWidgetConfigTemplate" condition="String.IsEqual(Window(home).Property(custom_widget_nr),17)">
						<param name="nr" value="17"/>
					</include>
					<include content="CustomWidgetConfigTemplate" condition="String.IsEqual(Window(home).Property(custom_widget_nr),18)">
						<param name="nr" value="18"/>
					</include>
					<include content="CustomWidgetConfigTemplate" condition="String.IsEqual(Window(home).Property(custom_widget_nr),19)">
						<param name="nr" value="19"/>
					</include>
					<include content="CustomWidgetConfigTemplate" condition="String.IsEqual(Window(home).Property(custom_widget_nr),20)">
						<param name="nr" value="20"/>
					</include>
					<include content="CustomWidgetConfigTemplate" condition="String.IsEqual(Window(home).Property(custom_widget_nr),21)">
						<param name="nr" value="21"/>
					</include>
					<include content="CustomWidgetConfigTemplate" condition="String.IsEqual(Window(home).Property(custom_widget_nr),22)">
						<param name="nr" value="22"/>
					</include>
					<include content="CustomWidgetConfigTemplate" condition="String.IsEqual(Window(home).Property(custom_widget_nr),23)">
						<param name="nr" value="23"/>
					</include>
					<include content="CustomWidgetConfigTemplate" condition="String.IsEqual(Window(home).Property(custom_widget_nr),24)">
						<param name="nr" value="24"/>
					</include>
					<include content="CustomWidgetConfigTemplate" condition="String.IsEqual(Window(home).Property(custom_widget_nr),25)">
						<param name="nr" value="25"/>
					</include>
					<include content="CustomWidgetConfigTemplate" condition="String.IsEqual(Window(home).Property(custom_widget_nr),26)">
						<param name="nr" value="26"/>
					</include>
					<include content="CustomWidgetConfigTemplate" condition="String.IsEqual(Window(home).Property(custom_widget_nr),27)">
						<param name="nr" value="27"/>
					</include>
					<include content="CustomWidgetConfigTemplate" condition="String.IsEqual(Window(home).Property(custom_widget_nr),28)">
						<param name="nr" value="28"/>
					</include>
					<include content="CustomWidgetConfigTemplate" condition="String.IsEqual(Window(home).Property(custom_widget_nr),29)">
						<param name="nr" value="29"/>
					</include>
					<include content="CustomWidgetConfigTemplate" condition="String.IsEqual(Window(home).Property(custom_widget_nr),30)">
						<param name="nr" value="30"/>
					</include>
				</control>
				<control type="scrollbar" id="60">
					<right>0</right>
					<top>0</top>
					<bottom>0</bottom>
					<width>4</width>
					<orientation>vertical</orientation>
					<showonepage>false</showonepage>
					<texturesliderbackground colordiffuse="00ffffff">common/white.jpg</texturesliderbackground>
					<texturesliderbar colordiffuse="scrollbar_slider">common/white.jpg</texturesliderbar>
				</control>
			</control>
			<!-- Button -->
			<control type="grouplist" id="200">
				<height>50</height>
				<width>100%</width>
				<orientation>horizontal</orientation>
				<itemgap>5</itemgap>
				<align>center</align>
				<onright>noop</onright>
				<onleft>noop</onleft>
				<control type="button" id="201">
					<include>DarkGreyButton</include>
					<label>$LOCALIZE[15067]</label>
					<onup>100</onup>
					<onclick>close</onclick>
				</control>
			</control>
		</control>
	</controls>
</window>