<?xml version="1.0" encoding="UTF-8"?>
<window>
	<defaultcontrol>1000</defaultcontrol>
	<backgroundcolor>background</backgroundcolor>
	<menucontrol>6666</menucontrol>
	<include>PropertyIncludes</include>
	<controls>
		<control type="label" id="52">
			<include>HiddenObject</include>
		</control>
		<control type="label" id="53">
			<include>HiddenObject</include>
		</control>
		<include>Background</include>
		<!-- left -->
		<control type="group">
			<include>Window_OpenClose</include>
			<!-- left -->
			<include content="ContentPanel">
			</include>
			<control type="group">
				<top>112</top>
				<include content="SideHeadline">
					<param name="nr">1</param>
					<param name="width">400</param>
					<param name="label">$LOCALIZE[138]</param>
				</include>
				<control type="grouplist" id="1000">
					<description>button area</description>
					<left>0</left>
					<top>55</top>
					<bottom>130</bottom>
					<width>400</width>
					<usecontrolcoords>true</usecontrolcoords>
					<onleft>900</onleft>
					<onright condition="ControlGroup(1000).HasFocus(100)">60</onright>
					<onup>6666</onup>
					<ondown>noop</ondown>
					<control type="button" id="95">
						<description>Default Category Button</description>
						<width>400</width>
						<height>50</height>
						<align>left</align>
						<aligny>center</aligny>
						<font>Reg22</font>
						<textoffsetx>50</textoffsetx>
						<textcolor>panel_textcolor</textcolor>
						<focusedcolor>panel_textcolor</focusedcolor>
						<selectedcolor>panel_textcolor</selectedcolor>
						<texturefocus colordiffuse="panel_focus">common/white.jpg</texturefocus>
						<include>NoTextures</include>
						<label>$LOCALIZE[20037]</label>
					</control>
					<control type="button" id="94">
						<description>Default Category Button</description>
						<width>400</width>
						<height>50</height>
						<align>left</align>
						<aligny>center</aligny>
						<font>Reg22</font>
						<textoffsetx>50</textoffsetx>
						<textcolor>panel_textcolor</textcolor>
						<focusedcolor>panel_textcolor</focusedcolor>
						<selectedcolor>panel_textcolor</selectedcolor>
						<texturefocus colordiffuse="panel_focus">common/white.jpg</texturefocus>
						<include>NoTextures</include>
						<label>$LOCALIZE[13277]</label>
					</control>
					<control type="button" id="96">
						<description>Default Category Button</description>
						<width>400</width>
						<height>50</height>
						<align>left</align>
						<aligny>center</aligny>
						<font>Reg22</font>
						<textoffsetx>50</textoffsetx>
						<textcolor>panel_textcolor</textcolor>
						<focusedcolor>panel_textcolor</focusedcolor>
						<selectedcolor>panel_textcolor</selectedcolor>
						<texturefocus colordiffuse="panel_focus">common/white.jpg</texturefocus>
						<include>NoTextures</include>
						<label>$LOCALIZE[13279]</label>
					</control>
					<control type="button" id="97">
						<description>Default Category Button</description>
						<width>400</width>
						<height>50</height>
						<align>left</align>
						<aligny>center</aligny>
						<font>Reg22</font>
						<textoffsetx>50</textoffsetx>
						<textcolor>panel_textcolor</textcolor>
						<focusedcolor>panel_textcolor</focusedcolor>
						<selectedcolor>panel_textcolor</selectedcolor>
						<texturefocus colordiffuse="panel_focus">common/white.jpg</texturefocus>
						<include>NoTextures</include>
						<label>$LOCALIZE[13280]</label>
					</control>
					<control type="button" id="98">
						<description>Default Category Button</description>
						<width>400</width>
						<height>50</height>
						<align>left</align>
						<aligny>center</aligny>
						<font>Reg22</font>
						<textoffsetx>50</textoffsetx>
						<textcolor>panel_textcolor</textcolor>
						<focusedcolor>panel_textcolor</focusedcolor>
						<selectedcolor>panel_textcolor</selectedcolor>
						<texturefocus colordiffuse="panel_focus">common/white.jpg</texturefocus>
						<include>NoTextures</include>
						<label>$LOCALIZE[13281]</label>
					</control>
					<control type="button" id="99">
						<description>Default Category Button</description>
						<width>400</width>
						<height>50</height>
						<align>left</align>
						<aligny>center</aligny>
						<font>Reg22</font>
						<textoffsetx>50</textoffsetx>
						<textcolor>panel_textcolor</textcolor>
						<focusedcolor>panel_textcolor</focusedcolor>
						<selectedcolor>panel_textcolor</selectedcolor>
						<texturefocus colordiffuse="panel_focus">common/white.jpg</texturefocus>
						<include>NoTextures</include>
						<label>$LOCALIZE[19191]</label>
						<visible>Control.IsEnabled(99)</visible>
					</control>
					<control type="button" id="100">
						<description>Default Category Button</description>
						<width>400</width>
						<height>50</height>
						<align>left</align>
						<aligny>center</aligny>
						<font>Reg22</font>
						<textoffsetx>50</textoffsetx>
						<textcolor>panel_textcolor</textcolor>
						<focusedcolor>panel_textcolor</focusedcolor>
						<selectedcolor>panel_textcolor</selectedcolor>
						<texturefocus colordiffuse="panel_focus">common/white.jpg</texturefocus>
						<include>NoTextures</include>
						<label>$LOCALIZE[12389]</label>
						<onclick>RunScript(script.embuary.helper,action=textviewer,header='$ESCINFO[Control.GetLabel(40)]',message='$ESCINFO[Control.GetLabel(30)]')</onclick>
					</control>
				</control>
			</control>
		</control>
		<!-- right -->
		<control type="group">
			<include>Window_OpenClose</include>
			<top>122</top>
			<bottom>126</bottom>
			<control type="group">
				<visible>!ControlGroup(100).HasFocus(107)</visible>
				<left>400</left>
				<right>0</right>
				<bottom>0</bottom>
				<control type="image">
					<top>-1</top>
					<height>1</height>
					<texture colordiffuse="grid_border">common/white.jpg</texture>
					<aspectratio>stretch</aspectratio>
				</control>
				<control type="image">
					<bottom>-1</bottom>
					<height>1</height>
					<texture colordiffuse="grid_border">common/white.jpg</texture>
					<aspectratio>stretch</aspectratio>
				</control>
			</control>
			<control type="textbox">
				<bottom>-96</bottom>
				<left>500</left>
				<right>100</right>
				<height>76</height>
				<font>reg22</font>
				<label>$VAR[SettingHelpText]</label>
			</control>
			<control type="grouplist">
				<left>500</left>
				<right>100</right>
				<height>100%</height>
				<onup>noop</onup>
				<onleft>noop</onleft>
				<onright>noop</onright>
				<ondown>noop</ondown>
				<scrolltime>200</scrolltime>
				<itemgap>0</itemgap>
				<include content="SkinSettingsHeadlineLabel">
					<param name="id" value="40"/>
					<param name="label" value="$LOCALIZE[565]"/>
				</include>
				<control type="button" id="2">
					<font>Reg22_monofied</font>
					<include>SettingsButton</include>
					<visible>!String.IsEmpty(Control.GetLabel(2))</visible>
				</control>
				<control type="button" id="3">
					<font>Reg22_monofied</font>
					<include>SettingsButton</include>
					<visible>!String.IsEmpty(Control.GetLabel(3))</visible>
				</control>
				<control type="button" id="4">
					<font>Reg22_monofied</font>
					<include>SettingsButton</include>
					<visible>!String.IsEmpty(Control.GetLabel(4))</visible>
				</control>
				<control type="button" id="5">
					<font>Reg22_monofied</font>
					<include>SettingsButton</include>
					<visible>!String.IsEmpty(Control.GetLabel(5))</visible>
				</control>
				<control type="button" id="6">
					<font>Reg22_monofied</font>
					<include>SettingsButton</include>
					<visible>!String.IsEmpty(Control.GetLabel(6))</visible>
				</control>
				<control type="button" id="7">
					<font>Reg22_monofied</font>
					<include>SettingsButton</include>
					<visible>!String.IsEmpty(Control.GetLabel(7))</visible>
				</control>
				<control type="button" id="8">
					<font>Reg22_monofied</font>
					<include>SettingsButton</include>
					<visible>!String.IsEmpty(Control.GetLabel(8))</visible>
				</control>
				<control type="button" id="9">
					<font>Reg22_monofied</font>
					<include>SettingsButton</include>
					<visible>!String.IsEmpty(Control.GetLabel(9))</visible>
				</control>
				<control type="button" id="10">
					<font>Reg22_monofied</font>
					<include>SettingsButton</include>
					<visible>!String.IsEmpty(Control.GetLabel(10))</visible>
				</control>
				<control type="button" id="11">
					<font>Reg22_monofied</font>
					<include>SettingsButton</include>
					<visible>!String.IsEmpty(Control.GetLabel(11))</visible>
				</control>
				<control type="button" id="12">
					<font>Reg22_monofied</font>
					<include>SettingsButton</include>
					<visible>!String.IsEmpty(Control.GetLabel(12))</visible>
				</control>
				<!-- versions -->
				<include content="SkinSettingsHeadlineLabel">
					<param name="label" value="$LOCALIZE[19114]"/>
					<param name="visible" value="ControlGroup(1000).HasFocus(95)"/>
				</include>
				<control type="button">
					<label>$INFO[Control.GetLabel(52)]$INFO[Control.GetLabel(53), / ]</label>
					<font>Reg22_monofied</font>
					<include>SettingsButton</include>
					<visible>ControlGroup(1000).HasFocus(95) + !String.IsEmpty(Control.GetLabel(52))</visible>
				</control>
				<control type="button">
					<label>Embuary Skin $INFO[System.AddonVersion(skin.embuary-leia)]</label>
					<font>Reg22_monofied</font>
					<include>SettingsButton</include>
					<visible>ControlGroup(1000).HasFocus(95)</visible>
				</control>
				<control type="button">
					<label>Embuary Helper Script $INFO[System.AddonVersion(script.embuary.helper)]</label>
					<font>Reg22_monofied</font>
					<include>SettingsButton</include>
					<visible>ControlGroup(1000).HasFocus(95)</visible>
				</control>
				<control type="button">
					<label>Emby For Kodi $INFO[System.AddonVersion(plugin.video.emby)]</label>
					<font>Reg22_monofied</font>
					<include>SettingsButton</include>
					<visible>ControlGroup(1000).HasFocus(95) + System.HasAddon(plugin.video.emby)</visible>
				</control>
				<control type="button">
					<label>EmbyCon $INFO[System.AddonVersion(plugin.video.embycon)]</label>
					<font>Reg22_monofied</font>
					<include>SettingsButton</include>
					<visible>ControlGroup(1000).HasFocus(95) + System.HasAddon(plugin.video.embycon)</visible>
				</control>
				<!-- CPU and memory bar -->
				<include content="SkinSettingsHeadlineLabel">
					<param name="label" value="$LOCALIZE[565]"/>
					<param name="visible" value="ControlGroup(1000).HasFocus(98)"/>
				</include>
				<control type="group">
					<visible>ControlGroup(1000).HasFocus(98)</visible>
					<control type="image">
						<texture colordiffuse="$VAR[ThumbBackgroundColor]">common/white.jpg</texture>
						<width>100%</width>
						<height>160</height>
					</control>
					<control type="label">
						<height>50</height>
						<font>Reg22_monofied</font>
						<textoffsetx>20</textoffsetx>
						<aligny>center</aligny>
						<label>$LOCALIZE[13271] $INFO[System.CPUUsage]</label>
					</control>
					<control type="progress">
						<top>50</top>
						<left>20</left>
						<right>20</right>
						<height>16</height>
						<texturebg colordiffuse="panel_textcolor2" border="2">common/white.jpg</texturebg>
						<lefttexture></lefttexture>
						<midtexture colordiffuse="$VAR[AccentColor]" border="2">common/white.jpg</midtexture>
						<info>System.CPUUsage</info>
					</control>
					<control type="label">
						<top>75</top>
						<height>50</height>
						<font>Reg22_monofied</font>
						<textoffsetx>20</textoffsetx>
						<aligny>center</aligny>
						<label>$LOCALIZE[31045]: $INFO[system.memory(used)] / $INFO[system.memory(total)] - $INFO[system.memory(used.percent)]</label>
					</control>
					<control type="progress">
						<top>125</top>
						<left>20</left>
						<right>20</right>
						<height>16</height>
						<texturebg colordiffuse="panel_textcolor2" border="2">common/white.jpg</texturebg>
						<lefttexture></lefttexture>
						<midtexture colordiffuse="$VAR[AccentColor]" border="2">common/white.jpg</midtexture>
						<info>system.memory(used)</info>
					</control>
				</control>
				<!-- privacy policy -->
				<control type="label">
					<top>10</top>
				</control>
				<control type="group">
					<left>35</left>
					<right>35</right>
					<control type="textbox" id="30">
						<height>762</height>
						<width>auto</width>
						<font>reg22</font>
						<aligny>center</aligny>
						<pagecontrol>60</pagecontrol>
						<scroll>true</scroll>
					</control>
				</control>
			</control>
		</control>
		<!-- scrollbar -->
		<include content="Scrollbar">
			<param name="id" value="60"/>
			<param name="visible" value="ControlGroup(1000).HasFocus(100)"/>
			<param name="top" value="122"/>
			<param name="bottom" value="126"/>
			<param name="width" value="10"/>
			<param name="onleft" value="100"/>
			<param name="onup" value="6666"/>
		</include>
		<!-- header bar -->
		<include content="HeaderBar">
			<param name="id">1000</param>
			<param name="auto_hide">false</param>
		</include>
		<!-- side panel -->
		<include content="SidePanel">
			<param name="onright">1000</param>
		</include>
	</controls>
</window>
