<?xml version="1.0" encoding="UTF-8" standalone="yes"?>
<addon id="repository.bluerobot" name="Bluerobot Repositorio" version="1.0.0" provider-name="Jose Vergara">
    <extension point="xbmc.addon.repository" name="Bluerobot repositorio">
        <info compressed="true">https://raw.githubusercontent.com/joss1091/repository.bluerobot/master/addons.xml</info>
        <checksum>https://raw.githubusercontent.com/joss1091/repository.bluerobot/master/addons.xml.md5</checksum>
        <datadir zip="true">https://raw.githubusercontent.com/joss1091/master/</datadir>
    </extension>
    <extension point="xbmc.addon.metadata">
        <summary>Repositorio para bluerobot</summary>
        <description>Repositorio para bluerobot</description>
        <disclaimer>Repositorio para bluerobot</disclaimer>
        <platform>all</platform>
    </extension>
</addon>
