<?xml version="1.0" encoding="UTF-8" standalone="yes"?>
<addon id="service.sleep.playback"
       name="Sleep Playback"
      version="1.0"
      provider-name="enen92, Solo0815">
    <requires>
		<import addon="xbmc.addon" version="14.0.0"/>
		<import addon="xbmc.python" version="2.19.0"/>
    </requires>
    <extension point="xbmc.service" library="service.py" start="login"/>
    <extension point="xbmc.addon.metadata">
        <summary lang="en">Get better control over media playback </summary>
        <summary lang="es">Pasar video cuando exita determinada inactividad </summary>
         <description lang="en">This service  makes  stop any playback if it exceeds a given playback time</description>
         <description lang="es">Este servicio detiene cualquier reproduccion si se excede el liminte de inactividad.</description>
         <forum>http://forum.kodi.tv/showthread.php?tid=211971</forum>
    	    <source>https://gitlab.com/tvstream-iptv/service.sleep.playback</source>
         <platform>all</platform>
         <license>GNU GENERAL PUBLIC LICENSE. Version 2, June 1991</license>
    </extension>
</addon>
