<shortcuts>
	<shortcut>
		<defaultID>31665</defaultID>
		<label>$SKIN[31665|skin.ghost|Recently Added]</label>
		<label2>Skin shortcut</label2>
		<icon>DefaultShortcut.png</icon>
		<thumb />
		<action>ActivateWindow(MusicLibrary,musicdb://recentlyaddedalbums/,return)</action>
	</shortcut>
	<shortcut>
		<defaultID>31714</defaultID>
		<label>$SKIN[31714|skin.ghost|Recently Played]</label>
		<label2>Skin shortcut</label2>
		<icon>DefaultShortcut.png</icon>
		<thumb />
		<action>ActivateWindow(MusicLibrary,musicdb://recentlyplayedalbums/,return)</action>
	</shortcut>
	<shortcut>
		<defaultID>musicvideos</defaultID>
		<label>20389</label>
		<label2>Common menu item</label2>
		<icon>DefaultShortcut.png</icon>
		<thumb />
		<action>ActivateWindow(Videos,videodb://musicvideos/titles/,return)</action>
	</shortcut>
</shortcuts>
