<?xml version='1.0' encoding='UTF-8'?>
<shortcuts>
	<shortcut>
		<defaultID>133</defaultID>
		<label>133</label>
		<label2>item</label2>
		<icon>DefaultShortcut.png</icon>
		<thumb />
		<action>ActivateWindow(music,library://music/artists.xml/,return)</action>
	</shortcut>
	<shortcut>
		<defaultID>31665</defaultID>
		<label>$SKIN[31665|skin.ghost|Recently Added]</label>
		<label2>Skin shortcut</label2>
		<icon>DefaultShortcut.png</icon>
		<thumb />
		<action>ActivateWindow(MusicLibrary,musicdb://recentlyaddedalbums/,return)</action>
	</shortcut>
	<shortcut>
		<defaultID>31714</defaultID>
		<label>$SKIN[31714|skin.ghost|Recently Played]</label>
		<label2>Skin shortcut</label2>
		<icon>DefaultShortcut.png</icon>
		<thumb />
		<action>ActivateWindow(MusicLibrary,musicdb://recentlyplayedalbums/,return)</action>
	</shortcut>
</shortcuts>
