<?xml version="1.0" encoding="utf-8"?>
<window>
	<defaultcontrol always="true">3</defaultcontrol>
	<include>PropertyIncludes</include>
	<controls>
		<include condition="!Window.IsVisible(VideoFullscreen.xml)">Background</include>
		<include condition="Window.IsVisible(VideoFullscreen.xml)" content="DiffuseMask">
			<param name="color">background_diffuse</param>
		</include>
		<control type="group">
			<include condition="!Window.IsVisible(VideoFullscreen.xml)">Window_OpenClose</include>
			<include condition="Window.IsVisible(VideoFullscreen.xml)">Dialog_PopupOpenClose</include>
			<centertop>50%</centertop>
			<!-- left col -->
			<control type="grouplist">
				<left>135</left>
				<centertop>50%</centertop>
				<width>600</width>
				<height max="940">auto</height>
				<orientation>vertical</orientation>
				<itemgap>20</itemgap>
				<align>center</align>
				<!-- heading -->
				<control type="group">
					<height>50</height>
					<control type="label">
						<width>100%</width>
						<height>48</height>
						<font>Reg24</font>
						<aligny>center</aligny>
						<textoffsetx>5</textoffsetx>
						<textcolor>text_headline</textcolor>
						<label>$LOCALIZE[21866]</label>
					</control>
					<include>GreenBar</include>
				</control>
				<!-- list -->
				<control type="group">
					<height>620</height>
					<control type="image">
						<height>100%</height>
						<texture colordiffuse="panel_background">common/white.jpg</texture>
						<aspectratio>stretch</aspectratio>
					</control>
					<control type="grouplist" id="3">
						<centerleft>50%</centerleft>
						<top>10</top>
						<height>600</height>
						<onup>6666</onup>
						<onleft>900</onleft>
						<onright>5</onright>
						<ondown>500</ondown>
						<pagecontrol>70</pagecontrol>
						<scrolltime>200</scrolltime>
					</control>
					<control type="button" id="10">
						<include>DialogSettingsButton</include>
					</control>
					<control type="scrollbar" id="70">
						<right>0</right>
						<top>0</top>
						<bottom>0</bottom>
						<width>4</width>
						<orientation>vertical</orientation>
						<showonepage>false</showonepage>
						<texturesliderbackground colordiffuse="00ffffff">common/white.jpg</texturesliderbackground>
						<texturesliderbar colordiffuse="scrollbar_slider">common/white.jpg</texturesliderbar>
					</control>
				</control>
				<control type="textbox">
					<right>0</right>
					<left>0</left>
					<height>150</height>
					<font>reg22</font>
					<align>left</align>
					<label>$LOCALIZE[35055]</label>
				</control>
			</control>
			<!-- controller -->
			<control type="gamecontroller" id="31">
				<centerleft>50%</centerleft>
				<centertop>43%</centertop>
				<width>350</width>
				<height>350</height>
			</control>
			<!-- right col -->
			<control type="grouplist">
				<right>135</right>
				<centertop>50%</centertop>
				<width>600</width>
				<height max="940">auto</height>
				<orientation>vertical</orientation>
				<itemgap>20</itemgap>
				<align>center</align>
				<!-- heading -->
				<control type="group">
					<height>50</height>
					<control type="label">
						<width>100%</width>
						<height>48</height>
						<font>Reg24</font>
						<aligny>center</aligny>
						<textoffsetx>5</textoffsetx>
						<textcolor>text_headline</textcolor>
						<label>$LOCALIZE[35059]</label>
					</control>
					<include>GreenBar</include>
				</control>
				<!-- list -->
				<control type="group">
					<height>620</height>
					<control type="image">
						<height>100%</height>
						<texture colordiffuse="panel_background">common/white.jpg</texture>
						<aspectratio>stretch</aspectratio>
					</control>
					<control type="grouplist" id="5">
						<centerleft>50%</centerleft>
						<top>10</top>
						<height>600</height>
						<onup>6666</onup>
						<onleft>3</onleft>
						<onright>noop</onright>
						<ondown>500</ondown>
						<pagecontrol>60</pagecontrol>
						<scrolltime>200</scrolltime>
					</control>
					<control type="button" id="7">
						<include>DialogSettingsButton</include>
					</control>
					<control type="scrollbar" id="60">
						<right>0</right>
						<top>0</top>
						<bottom>0</bottom>
						<width>4</width>
						<orientation>vertical</orientation>
						<showonepage>false</showonepage>
						<texturesliderbackground colordiffuse="00ffffff">common/white.jpg</texturesliderbackground>
						<texturesliderbar colordiffuse="scrollbar_slider">common/white.jpg</texturesliderbar>
					</control>
				</control>
				<!-- Button -->
				<control type="grouplist" id="500">
					<bottom>0</bottom>
					<height>150</height>
					<width>100%</width>
					<orientation>horizontal</orientation>
					<itemgap>5</itemgap>
					<align>center</align>
					<onright>noop</onright>
					<onleft>3</onleft>
					<control type="button" id="18">
						<include>DarkGreyButton</include>
						<label>$LOCALIZE[186]</label>
						<onup>SetFocus(5)</onup>
					</control>
					<control type="button" id="19">
						<include>DarkGreyButton</include>
						<label>$LOCALIZE[10035]</label>
						<onup>SetFocus(5)</onup>
					</control>
					<control type="button" id="20">
						<include>DarkGreyButton</include>
						<label>$LOCALIZE[21452]</label>
						<onup>SetFocus(5)</onup>
						<visible>Control.IsEnabled(20)</visible>
					</control>
				</control>
			</control>
		</control>
		<!-- header bar -->
		<include condition="!Window.IsVisible(VideoFullscreen.xml)" content="HeaderBar">
			<param name="id">3</param>
			<param name="auto_hide">false</param>
		</include>
		<!-- side panel -->
		<include condition="!Window.IsVisible(VideoFullscreen.xml)" content="SidePanel">
			<param name="onright">3</param>
		</include>
	</controls>
</window>
