<?xml version="1.0" encoding="UTF-8"?>
<includes>

	<!-- Side Menu Button Layout -->
	<include name="SideButton">
		<param name="width">100%</param>
		<param name="icon"></param>
		<param name="icon_left">55</param>
		<param name="label_left">100</param>
		<param name="focused">false</param>
		<param name="condition1">true</param>
		<param name="condition2">true</param>
		<param name="condition3">true</param>
		<param name="condition4">true</param>
		<param name="condition5">true</param>
		<param name="condition6">true</param>
		<param name="condition7">true</param>
		<param name="condition8">true</param>
		<param name="condition9">true</param>
		<param name="condition10">true</param>
		<param name="action1">noop</param>
		<param name="action2">noop</param>
		<param name="action3">noop</param>
		<param name="action4">noop</param>
		<param name="action5">noop</param>
		<param name="action6">noop</param>
		<param name="action7">noop</param>
		<param name="action8">noop</param>
		<param name="action9">noop</param>
		<param name="action10">noop</param>
		<param name="onright">10</param>
		<param name="visible">true</param>
		<param name="closepanel">true</param>
		<definition>
			<control type="group">
				<visible>$PARAM[visible]</visible>
				<width>$PARAM[width]</width>
				<height>50</height>
				<control type="image">
					<height>50</height>
					<width>$PARAM[width]</width>
					<texture colordiffuse="sidepanel_focus">common/white.jpg</texture>
					<aspectratio>stretch</aspectratio>
					<visible>Control.HasFocus($PARAM[id])</visible>
				</control>
				<control type="label">
					<top>6</top>
					<left>$PARAM[icon_left]</left>
					<height>40</height>
					<aligny>center</aligny>
					<align>left</align>
					<font>Material20</font>
					<textcolor>sidepanel_textcolor</textcolor>
					<label>$PARAM[icon]</label>
				</control>
				<control type="button" id="$PARAM[id]">
					<top>5</top>
					<onback>$PARAM[onright]</onback>
					<onup>$PARAM[onup]</onup>
					<onright>$PARAM[onright]</onright>
					<ondown>$PARAM[ondown]</ondown>
					<left>$PARAM[label_left]</left>
					<height>40</height>
					<include>NoTextures</include>
					<align>left</align>
					<aligny>center</aligny>
					<font>Reg22</font>
					<textcolor>sidepanel_textcolor</textcolor>
					<focusedcolor>sidepanel_textcolor</focusedcolor>
					<selectedcolor>sidepanel_textcolor</selectedcolor>
					<label>$PARAM[label]</label>
					<onclick condition="$PARAM[closepanel]">right</onclick>
					<onclick>Dialog.Close(all,true)</onclick>
					<onclick condition="$PARAM[condition1]">$PARAM[action1]</onclick>
					<onclick condition="$PARAM[condition2]">$PARAM[action2]</onclick>
					<onclick condition="$PARAM[condition3]">$PARAM[action3]</onclick>
					<onclick condition="$PARAM[condition4]">$PARAM[action4]</onclick>
					<onclick condition="$PARAM[condition5]">$PARAM[action5]</onclick>
					<onclick condition="$PARAM[condition6]">$PARAM[action6]</onclick>
					<onclick condition="$PARAM[condition7]">$PARAM[action7]</onclick>
					<onclick condition="$PARAM[condition8]">$PARAM[action8]</onclick>
					<onclick condition="$PARAM[condition9]">$PARAM[action9]</onclick>
					<onclick condition="$PARAM[condition10]">$PARAM[action10]</onclick>
				</control>
			</control>
		</definition>
	</include>

	<!-- Side Menu Headline -->
	<include name="SideHeadline">
		<param name="width">100%</param>
		<param name="visible">true</param>
		<param name="color">panel_textcolor</param>
		<definition>
			<control type="group" id="99$PARAM[nr]">
				<visible>$PARAM[visible]</visible>
				<height>54</height>
				<control type="image">
					<top>9</top>
					<height>1</height>
					<width>$PARAM[width]</width>
					<texture colordiffuse="grid_border">common/white.jpg</texture>
					<aspectratio>stretch</aspectratio>
				</control>
				<!-- headline -->
				<control type="label">
					<top>20</top>
					<width>$PARAM[width]</width>
					<height>50</height>
					<font>Med22</font>
					<textcolor>$PARAM[color]</textcolor>
					<label>$PARAM[label]</label>
					<textoffsetx>15</textoffsetx>
					<aligny>top</aligny>
				</control>
			</control>
		</definition>
	</include>

	<!-- Side Menu -->
	<include name="SidePanel">
		<param name="width">450</param>
		<param name="onright">10</param>
		<definition>
			<include content="DiffuseMask">
				<param name="visible">ControlGroup(9999).HasFocus</param>
			</include>
			<control type="group">
				<animation type="Conditional" condition="ControlGroup(9999).HasFocus" reversible="true">
					<effect type="slide" start="0,0" end="$PARAM[width],0" time="400" tween="cubic" easing="inout" />
				</animation>
				<left>-$PARAM[width]</left>
				<!-- background -->
				<control type="image">
					<left>400</left>
					<width>100</width>
					<height>100%</height>
					<texture colordiffuse="black">common/panel_shadow.png</texture>
					<aspectratio>stretch</aspectratio>
					<visible>ControlGroup(9999).HasFocus</visible>
				</control>
				<include content="ContentPanel">
					<param name="width">$PARAM[width]</param>
					<param name="height">100%</param>
					<param name="color">sidepanel_background</param>
				</include>
				<!-- grouplist -->
				<control type="grouplist" id="9999">
					<top>9</top>
					<width>$PARAM[width]</width>
					<height>1062</height>
					<orientation>vertical</orientation>
					<itemgap>0</itemgap>
					<!--top-->
					<include content="SideButton">
						<param name="id">900</param>
						<param name="onup">905</param>
						<param name="ondown">901</param>
						<param name="onright">$PARAM[onright]</param>
						<param name="label">31000</param>
						<param name="icon">&#xE88A;</param>
						<param name="action1">ActivateWindow(Home)</param>
					</include>
					<!-- seperator -->
					<!--media-->
					<include content="SideButton">
						<param name="id">901</param>
						<param name="onup">900</param>
						<param name="ondown">902</param>
						<param name="onright">$PARAM[onright]</param>
						<param name="label">$VAR[PVRLabel]</param>
						<param name="icon">&#xE639;</param>
						<param name="action1">ActivateWindow(1124)</param>
						<param name="visible">!Skin.HasSetting(HideSPPVR) + [Pvr.HasTVChannels | Pvr.HasRadioChannels]</param>
					</include>

					<!-- seperator -->
					<include content="SideHeadline">
						<param name="nr">2</param>
						<param name="label">31001</param>
						<param name="visible">!Skin.HasSetting(HideSPAddons) | !Skin.HasSetting(HideSPFavourites) | !Skin.HasSetting(HideSPWeather) | System.HasMediaDVD</param>
					</include>
					<!-- misc -->

					<include content="SideButton">
						<param name="id">902</param>
						<param name="onup">901</param>
						<param name="ondown">903</param>
						<param name="onright">$PARAM[onright]</param>
						<param name="label">10134</param>
						<param name="icon">&#xE838;</param>
						<param name="action1">ActivateWindow(favourites)</param>
						<param name="visible">!Skin.HasSetting(HideSPFavourites)</param>
					</include>

					<!-- seperator -->
					<include content="SideHeadline">
						<param name="nr">3</param>
						<param name="label">13000</param>
					</include>
					<!-- system -->

					<include content="SideButton">
						<param name="id">903</param>
						<param name="onup">902</param>
						<param name="ondown">904</param>
						<param name="onright">$PARAM[onright]</param>
						<param name="label">$LOCALIZE[31129]</param>
						<param name="icon"></param>
						<param name="action1">Notification($LOCALIZE[24001],$LOCALIZE[31162])</param>
						<param name="action2">UpdateAddonRepos</param>
						<param name="action3">UpdateLocalAddons</param>
						<param name="visible">!Skin.HasSetting(KioskMode) + !Skin.HasSetting(HideSPAddonUpdate)</param>
					</include>
					<include content="SideButton">
						<param name="id">904</param>
						<param name="onup">903</param>
						<param name="ondown">905</param>
						<param name="onright">$PARAM[onright]</param>
						<param name="label">Actualizar canales Tv</param>
						<param name="icon"></param>
						<param name="action1">Notification(IPTV,Actualizando listado de canales)</param>
						<param name="action2">RestartApp</param>
						<param name="visible">true</param>
					</include>
					<include content="SideButton">
						<param name="id">905</param>
						<param name="onup">904</param>
						<param name="ondown">906</param>
						<param name="onright">$PARAM[onright]</param>
						<param name="label">5</param>
						<param name="icon">&#xE8B8;</param>
						<param name="action2">ActivateWindow(settings)</param>
						<param name="visible">!Skin.HasSetting(KioskMode)</param>
					</include>


					<include content="SideButton">
						<param name="id">906</param>
						<param name="onup">905</param>
						<param name="ondown">900</param>
						<param name="onright">$PARAM[onright]</param>
						<param name="label">$LOCALIZE[33060]</param>
						<param name="icon">&#xE8AC;</param>
						<param name="action1">ActivateWindow(shutdownmenu)</param>
					</include>
				</control>
			</control>
		</definition>
	</include>
</includes>
