<?xml version="1.0" encoding="UTF-8"?>
<includes>
	<include name="SettingAddons">
		<content>
			<item>
				<label>$INFO[System.AddonTitle(plugin.video.netflix)]</label>
				<label2></label2>
				<onclick>Addon.OpenSettings(plugin.video.netflix)</onclick>
				<visible>System.HasAddon(plugin.video.netflix)</visible>
			</item>
			<item>
				<label>$INFO[System.AddonTitle(plugin.video.youtube)]</label>
				<label2></label2>
				<onclick>Addon.OpenSettings(plugin.video.youtube)</onclick>
				<visible>System.HasAddon(plugin.video.youtube)</visible>
			</item>

		</content>
	</include>
	<include name="SettingsUI">
		<content>
			<item>
				<label>$LOCALIZE[14207]</label>
				<label2></label2>
				<onclick>ActivateWindow(InterfaceSettings)</onclick>
			</item>
		</content>
	</include>
	<include name="SettingsSys">
		<content>
			<item>
				<label>$LOCALIZE[14209]</label>
				<label2></label2>
				<onclick>ActivateWindow(SystemSettings)</onclick>
			</item>
			<item>
				<label>$LOCALIZE[31337]</label>
				<label2></label2>
				<onclick>RunAddon(service.blueelec.settings)</onclick>
				<visible>System.HasAddon(service.blueelec.settings)</visible>
			</item>
			<item>
				<label>$LOCALIZE[31338]</label>
				<label2></label2>
				<onclick>RunAddon(script.codegen)</onclick>
				<visible>System.HasAddon(script.codegen)</visible>
			</item>
		</content>
	</include>
	<include name="SettingsMedia">
		<content>
			<item>
				<label>$LOCALIZE[14201]</label>
				<label2></label2>
				<onclick>ActivateWindow(PlayerSettings)</onclick>
			</item>
			<item>
				<label>$LOCALIZE[14205]</label>
				<label2></label2>
				<onclick>ActivateWindow(PVRSettings)</onclick>
			</item>
			<item>
				<label>$LOCALIZE[31129]</label>
				<label2></label2>
				<onclick>Notification($LOCALIZE[24001],$LOCALIZE[31162])</onclick>
				<onclick>UpdateAddonRepos</onclick>
				<onclick>UpdateLocalAddons</onclick>
			</item>
		</content>
	</include>
</includes>
