<?xml version="1.0" encoding="UTF-8"?>
<includes>
	<!-- Movie template -->
	<include name="EmbyHub_MovieMenu">
		<item>
			<label>$LOCALIZE[342]</label>
			<onclick>ActivateWindow(videos,$INFO[Window(home).Property(emby.wnodes.$PARAM[nr].content)],return)</onclick>
		</item>
		<item>
			<label>$LOCALIZE[31209]</label>
			<onclick>ActivateWindow(videos,$INFO[Window(home).Property(emby.wnodes.$PARAM[nr].index),,unwatched.xml],return)</onclick>
		</item>
		<item>
			<label>$LOCALIZE[31169]</label>
			<onclick>ActivateWindow(videos,$INFO[Window(home).Property(emby.wnodes.$PARAM[nr].index),,sets.xml],return)</onclick>
		</item>
		<item>
			<label>$LOCALIZE[135]</label>
			<onclick>SetProperty(ListGenres,$INFO[Window(home).Property(emby.wnodes.$PARAM[nr].index),,genres.xml],home)</onclick>
			<onclick>ActivateWindow(1114)</onclick>
		</item>
	</include>
	<include name="EmbyHubMovieTemplate">
		<control type="label" id="199">
			<include>HiddenObject</include>
			<label>$INFO[Window(home).Property(emby.wnodes.$PARAM[nr].title)]</label>
		</control>
		<!-- background -->
		<include>Background</include>
		<!-- hub -->
		<control type="grouplist" id="10">
			<include>Window_OpenClose</include>
			<defaultcontrol>10000</defaultcontrol>
			<width>100%</width>
			<height>100%</height>
			<itemgap>-80</itemgap>
			<orientation>vertical</orientation>
			<usecontrolcoords>true</usecontrolcoords>
			<include>ScrollTime</include>
			<pagecontrol>17</pagecontrol>
			<ondown>noop</ondown>
			<include content="WidgetSpacer">
				<param name="id" value="101"/>
			</include>
			<!-- menu -->
			<include content="WidgetSmallMenu">
				<param name="id" value="100"/>
				<param name="onup" value="6666"/>
				<param name="ondown" value="200"/>
				<param name="headline" value="Emby - $INFO[Window(home).Property(emby.wnodes.$PARAM[nr].title)]"/>
				<param name="content" value="EmbyHub_MovieMenu"/>
				<param name="nr" value="$PARAM[nr]"/>
			</include>
			<include content="WidgetCallTemplate">
				<param name="type" value="WidgetCallEmbyMovies"/>
				<param name="nr" value="$PARAM[nr]"/>
			</include>
		</control>
		<!-- header bar -->
		<include content="HeaderBar">
			<param name="id">10</param>
		</include>
		<!-- side panel -->
		<include content="SidePanel"/>
	</include>
	<!-- TV show template -->
	<include name="EmbyHub_TVshowMenu">
		<item>
			<label>$LOCALIZE[20343]</label>
			<onclick>ActivateWindow(videos,$INFO[Window(home).Property(emby.wnodes.$PARAM[nr].content)],return)</onclick>
		</item>
		<item>
			<label>$LOCALIZE[31210]</label>
			<onclick>ActivateWindow(videos,videodb://tvshows/titles/?xsp=%7b%22order%22%3a%7b%22direction%22%3a%22ascending%22%2c%22ignorefolders%22%3a0%2c%22method%22%3a%22sorttitle%22%7d%2c%22rules%22%3a%7b%22and%22%3a%5b%7b%22field%22%3a%22tag%22%2c%22operator%22%3a%22contains%22%2c%22value%22%3a%5b%22$INFO[Window(home).Property(emby.wnodes.$PARAM[nr].title)]%22%5d%7d%2c%7b%22field%22%3a%22playcount%22%2c%22operator%22%3a%22is%22%2c%22value%22%3a%5b%220%22%5d%7d%2c%7b%22field%22%3a%22inprogress%22%2c%22operator%22%3a%22false%22%2c%22value%22%3a%5b%5d%7d%2c%7b%22field%22%3a%22numwatched%22%2c%22operator%22%3a%22lessthan%22%2c%22value%22%3a%5b%221%22%5d%7d%5d%7d%2c%22type%22%3a%22tvshows%22%7d,return)</onclick>
		</item>
		<item>
			<label>$LOCALIZE[135]</label>
			<onclick>SetProperty(ListGenres,$INFO[Window(home).Property(emby.wnodes.$PARAM[nr].index),,genres.xml],home)</onclick>
			<onclick>ActivateWindow(1114)</onclick>
		</item>
	</include>
	<include name="EmbyHubTVShowTemplate">
		<control type="label" id="199">
			<include>HiddenObject</include>
			<label>$INFO[Window(home).Property(emby.wnodes.$PARAM[nr].title)]</label>
		</control>
		<!-- background -->
		<include>Background</include>
		<!-- hub -->
		<control type="grouplist" id="10">
			<include>Window_OpenClose</include>
			<defaultcontrol>10000</defaultcontrol>
			<width>100%</width>
			<height>100%</height>
			<itemgap>-80</itemgap>
			<orientation>vertical</orientation>
			<usecontrolcoords>true</usecontrolcoords>
			<include>ScrollTime</include>
			<pagecontrol>17</pagecontrol>
			<include content="WidgetSpacer">
				<param name="id" value="101"/>
			</include>
			<!-- menu -->
			<include content="WidgetSmallMenu">
				<param name="id" value="100"/>
				<param name="onup" value="6666"/>
				<param name="ondown" value="200"/>
				<param name="headline" value="Emby - $INFO[Window(home).Property(emby.wnodes.$PARAM[nr].title)]"/>
				<param name="content" value="EmbyHub_TVshowMenu"/>
				<param name="nr" value="$PARAM[nr]"/>
			</include>
			<include content="WidgetCallTemplate">
				<param name="type" value="WidgetCallEmbyShows"/>
				<param name="nr" value="$PARAM[nr]"/>
			</include>
		</control>
		<!-- header bar -->
		<include content="HeaderBar">
			<param name="id">10</param>
		</include>
		<!-- side panel -->
		<include content="SidePanel"/>
	</include>
</includes>