<?xml version="1.0" encoding="UTF-8"?>
<window>
	<defaultcontrol always="true">10</defaultcontrol>
	<backgroundcolor>background</backgroundcolor>
	<menucontrol>6666</menucontrol>
	<onload condition="!String.IsEmpty(Window(home).Property(pvrhub))">ActivateWindow(1124)</onload>
	<onload>ClearProperty(pvrhub,home)</onload>
	<!-- winter theme -->
	<!-- <onload condition="!Skin.HasSetting(DoNotUseHolidayThemeSound) + Window.Previous(startup) + !Player.HasMedia + $EXP[HolidayTheme] + System.Date(12-01,12-27)">RunScript(script.embuary.helper,action=playsfx,path='"special://skin/extras/holiday/winterintro.wav"')</onload> -->
	<!-- halloween theme -->
	<!-- <onload condition="!Skin.HasSetting(DoNotUseHolidayThemeSound) + Window.Previous(startup) + !Player.HasMedia + $EXP[HolidayTheme2]">RunScript(script.embuary.helper,action=playsfx,path='"special://skin/extras/holiday/halloween.wav"')</onload> -->
	<!-- sw theme -->
	<!-- <onload condition="!Skin.HasSetting(DoNotUseHolidayThemeSound) + Window.Previous(startup) + !Player.HasMedia + $EXP[HolidayTheme3]">RunScript(script.embuary.helper,action=playsfx,path='"special://skin/extras/holiday/swtheme_short.wav"')</onload> -->
	<!-- first run -->
	<include content="PropertyIncludes">
		<param name="ShowHeader" value="true"/>
	</include>
	<onload>RunScript(script.skinshortcuts,type=buildxml&amp;mainmenuID=100&amp;levels=0&amp;group=mainmenu|moviehub|tvshowhub|musichub|customhub)</onload>
	<controls>
		<control type="group">
			<visible>String.IsEmpty(Window(home).Property(pvrhub))</visible>
			<!-- background -->
			<include>Background</include>
			<!-- content -->
			<include condition="!Skin.HasSetting(HomePanelLayout)">HomeDefaultLayout</include>
			<include condition="Skin.HasSetting(HomePanelLayout)">HomePanelLayout</include>
			<include content="SidePanel"/>
		</control>
	</controls>
</window>
