<settings>

	<!-- Autoscroll speed -->
	<setting id="autoscroll.speed" value="none" label="$LOCALIZE[13113]" default="true"/>
	<setting id="autoscroll.speed" value="normal" label="$LOCALIZE[31327]"/>
	<setting id="autoscroll.speed" value="slow" label="$LOCALIZE[31330]"/>
	<setting id="autoscroll.speed" value="fast" label="$LOCALIZE[31328]"/>


	<!-- Movies hub -->
	<setting id="hub.movies.1" value="none" label="$LOCALIZE[13113]"/>
	<setting id="hub.movies.1" value="inprogress" label="$LOCALIZE[575]" default="true"/>
	<setting id="hub.movies.1" value="recent" label="$LOCALIZE[31665]"/>
	<setting id="hub.movies.1" value="unwatched" label="$LOCALIZE[16101]"/>
	<setting id="hub.movies.1" value="all" label="$LOCALIZE[31672]"/>
	<setting id="hub.movies.1" value="popular" label="$ADDON[script.extendedinfo 32044]"/>
	<setting id="hub.movies.1" value="cinema" label="$ADDON[script.extendedinfo 32042]"/>
	<setting id="hub.movies.1" value="upcoming" label="$ADDON[script.extendedinfo 32043]"/>

	<setting id="hub.movies.2" value="none" label="$LOCALIZE[13113]"/>
	<setting id="hub.movies.2" value="inprogress" label="$LOCALIZE[575]"/>
	<setting id="hub.movies.2" value="recent" label="$LOCALIZE[31665]" default="true"/>
	<setting id="hub.movies.2" value="unwatched" label="$LOCALIZE[16101]"/>
	<setting id="hub.movies.2" value="all" label="$LOCALIZE[31672]"/>
	<setting id="hub.movies.2" value="popular" label="$ADDON[script.extendedinfo 32044]"/>
	<setting id="hub.movies.2" value="cinema" label="$ADDON[script.extendedinfo 32042]"/>
	<setting id="hub.movies.2" value="upcoming" label="$ADDON[script.extendedinfo 32043]"/>

	<setting id="hub.movies.3" value="none" label="$LOCALIZE[13113]"/>
	<setting id="hub.movies.3" value="inprogress" label="$LOCALIZE[575]"/>
	<setting id="hub.movies.3" value="recent" label="$LOCALIZE[31665]"/>
	<setting id="hub.movies.3" value="unwatched" label="$LOCALIZE[16101]" default="true"/>
	<setting id="hub.movies.3" value="all" label="$LOCALIZE[31672]"/>
	<setting id="hub.movies.3" value="popular" label="$ADDON[script.extendedinfo 32044]"/>
	<setting id="hub.movies.3" value="cinema" label="$ADDON[script.extendedinfo 32042]"/>
	<setting id="hub.movies.3" value="upcoming" label="$ADDON[script.extendedinfo 32043]"/>

	<setting id="hub.movies.3" value="none" label="$LOCALIZE[13113]"/>
	<setting id="hub.movies.4" value="inprogress" label="$LOCALIZE[575]"/>
	<setting id="hub.movies.4" value="recent" label="$LOCALIZE[31665]"/>
	<setting id="hub.movies.4" value="unwatched" label="$LOCALIZE[16101]"/>
	<setting id="hub.movies.4" value="all" label="$LOCALIZE[31672]" default="true"/>
	<setting id="hub.movies.4" value="popular" label="$ADDON[script.extendedinfo 32044]"/>
	<setting id="hub.movies.4" value="cinema" label="$ADDON[script.extendedinfo 32042]"/>
	<setting id="hub.movies.4" value="upcoming" label="$ADDON[script.extendedinfo 32043]"/>

	<setting id="hub.movies.5" value="none" label="$LOCALIZE[13113]"/>
	<setting id="hub.movies.5" value="inprogress" label="$LOCALIZE[575]"/>
	<setting id="hub.movies.5" value="recent" label="$LOCALIZE[31665]"/>
	<setting id="hub.movies.5" value="unwatched" label="$LOCALIZE[16101]"/>
	<setting id="hub.movies.5" value="all" label="$LOCALIZE[31672]"/>
	<setting id="hub.movies.5" value="popular" label="$ADDON[script.extendedinfo 32044]" default="true"/>
	<setting id="hub.movies.5" value="cinema" label="$ADDON[script.extendedinfo 32042]"/>
	<setting id="hub.movies.5" value="upcoming" label="$ADDON[script.extendedinfo 32043]"/>

	<setting id="hub.movies.6" value="none" label="$LOCALIZE[13113]"/>
	<setting id="hub.movies.6" value="inprogress" label="$LOCALIZE[575]"/>
	<setting id="hub.movies.6" value="recent" label="$LOCALIZE[31665]"/>
	<setting id="hub.movies.6" value="unwatched" label="$LOCALIZE[16101]"/>
	<setting id="hub.movies.6" value="all" label="$LOCALIZE[31672]"/>
	<setting id="hub.movies.6" value="popular" label="$ADDON[script.extendedinfo 32044]"/>
	<setting id="hub.movies.6" value="cinema" label="$ADDON[script.extendedinfo 32042]" default="true"/>
	<setting id="hub.movies.6" value="upcoming" label="$ADDON[script.extendedinfo 32043]"/>

	<setting id="hub.movies.7" value="none" label="$LOCALIZE[13113]"/>
	<setting id="hub.movies.7" value="inprogress" label="$LOCALIZE[575]"/>
	<setting id="hub.movies.7" value="recent" label="$LOCALIZE[31665]"/>
	<setting id="hub.movies.7" value="unwatched" label="$LOCALIZE[16101]"/>
	<setting id="hub.movies.7" value="all" label="$LOCALIZE[31672]"/>
	<setting id="hub.movies.7" value="popular" label="$ADDON[script.extendedinfo 32044]"/>
	<setting id="hub.movies.7" value="cinema" label="$ADDON[script.extendedinfo 32042]" default="true"/>
	<setting id="hub.movies.7" value="upcoming" label="$ADDON[script.extendedinfo 32043]"/>


	<!-- TV Shows hub -->
	<setting id="hub.shows.1" value="none" label="$LOCALIZE[13113]"/>
	<setting id="hub.shows.1" value="watchlist" label="$LOCALIZE[31712]" default="true"/>
	<setting id="hub.shows.1" value="inprogress" label="$LOCALIZE[626]"/>
	<setting id="hub.shows.1" value="recent" label="$LOCALIZE[31665]"/>
	<setting id="hub.shows.1" value="unwatched" label="$LOCALIZE[16101]"/>
	<setting id="hub.shows.1" value="all" label="$LOCALIZE[31673]"/>
	<setting id="hub.shows.1" value="popular" label="$ADDON[script.extendedinfo 32041]"/>
	<setting id="hub.shows.1" value="onair" label="$ADDON[script.extendedinfo 32039]"/>
	<setting id="hub.shows.1" value="airing" label="$ADDON[script.extendedinfo 32028]"/>

	<setting id="hub.shows.2" value="none" label="$LOCALIZE[13113]"/>
	<setting id="hub.shows.2" value="watchlist" label="$LOCALIZE[31712]"/>
	<setting id="hub.shows.2" value="inprogress" label="$LOCALIZE[626]"/>
	<setting id="hub.shows.2" value="recent" label="$LOCALIZE[31665]" default="true"/>
	<setting id="hub.shows.2" value="unwatched" label="$LOCALIZE[16101]"/>
	<setting id="hub.shows.2" value="all" label="$LOCALIZE[31673]"/>
	<setting id="hub.shows.2" value="popular" label="$ADDON[script.extendedinfo 32041]"/>
	<setting id="hub.shows.2" value="onair" label="$ADDON[script.extendedinfo 32039]"/>
	<setting id="hub.shows.2" value="airing" label="$ADDON[script.extendedinfo 32028]"/>

	<setting id="hub.shows.3" value="none" label="$LOCALIZE[13113]"/>
	<setting id="hub.shows.3" value="watchlist" label="$LOCALIZE[31712]"/>
	<setting id="hub.shows.3" value="inprogress" label="$LOCALIZE[626]"/>
	<setting id="hub.shows.3" value="recent" label="$LOCALIZE[31665]"/>
	<setting id="hub.shows.3" value="unwatched" label="$LOCALIZE[16101]" default="true"/>
	<setting id="hub.shows.3" value="all" label="$LOCALIZE[31673]"/>
	<setting id="hub.shows.3" value="popular" label="$ADDON[script.extendedinfo 32041]"/>
	<setting id="hub.shows.3" value="onair" label="$ADDON[script.extendedinfo 32039]"/>
	<setting id="hub.shows.3" value="airing" label="$ADDON[script.extendedinfo 32028]"/>

	<setting id="hub.shows.4" value="none" label="$LOCALIZE[13113]"/>
	<setting id="hub.shows.4" value="watchlist" label="$LOCALIZE[31712]"/>
	<setting id="hub.shows.4" value="inprogress" label="$LOCALIZE[626]"/>
	<setting id="hub.shows.4" value="recent" label="$LOCALIZE[31665]"/>
	<setting id="hub.shows.4" value="unwatched" label="$LOCALIZE[16101]"/>
	<setting id="hub.shows.4" value="all" label="$LOCALIZE[31673]" default="true"/>
	<setting id="hub.shows.4" value="popular" label="$ADDON[script.extendedinfo 32041]"/>
	<setting id="hub.shows.4" value="onair" label="$ADDON[script.extendedinfo 32039]"/>
	<setting id="hub.shows.4" value="airing" label="$ADDON[script.extendedinfo 32028]"/>

	<setting id="hub.shows.5" value="none" label="$LOCALIZE[13113]"/>
	<setting id="hub.shows.5" value="watchlist" label="$LOCALIZE[31712]"/>
	<setting id="hub.shows.5" value="inprogress" label="$LOCALIZE[626]"/>
	<setting id="hub.shows.5" value="recent" label="$LOCALIZE[31665]"/>
	<setting id="hub.shows.5" value="unwatched" label="$LOCALIZE[16101]"/>
	<setting id="hub.shows.5" value="all" label="$LOCALIZE[31673]"/>
	<setting id="hub.shows.5" value="popular" label="$ADDON[script.extendedinfo 32041]" default="true"/>
	<setting id="hub.shows.5" value="onair" label="$ADDON[script.extendedinfo 32039]"/>
	<setting id="hub.shows.5" value="airing" label="$ADDON[script.extendedinfo 32028]"/>

	<setting id="hub.shows.6" value="none" label="$LOCALIZE[13113]"/>
	<setting id="hub.shows.6" value="watchlist" label="$LOCALIZE[31712]"/>
	<setting id="hub.shows.6" value="inprogress" label="$LOCALIZE[626]"/>
	<setting id="hub.shows.6" value="recent" label="$LOCALIZE[31665]"/>
	<setting id="hub.shows.6" value="unwatched" label="$LOCALIZE[16101]"/>
	<setting id="hub.shows.6" value="all" label="$LOCALIZE[31673]"/>
	<setting id="hub.shows.6" value="popular" label="$ADDON[script.extendedinfo 32041]"/>
	<setting id="hub.shows.6" value="onair" label="$ADDON[script.extendedinfo 32039]" default="true"/>
	<setting id="hub.shows.6" value="airing" label="$ADDON[script.extendedinfo 32028]"/>

	<setting id="hub.shows.7" value="none" label="$LOCALIZE[13113]"/>
	<setting id="hub.shows.7" value="watchlist" label="$LOCALIZE[31712]"/>
	<setting id="hub.shows.7" value="inprogress" label="$LOCALIZE[626]"/>
	<setting id="hub.shows.7" value="recent" label="$LOCALIZE[31665]"/>
	<setting id="hub.shows.7" value="unwatched" label="$LOCALIZE[16101]"/>
	<setting id="hub.shows.7" value="all" label="$LOCALIZE[31673]"/>
	<setting id="hub.shows.7" value="popular" label="$ADDON[script.extendedinfo 32041]"/>
	<setting id="hub.shows.7" value="onair" label="$ADDON[script.extendedinfo 32039]" default="true"/>
	<setting id="hub.shows.7" value="airing" label="$ADDON[script.extendedinfo 32028]"/>


	<!-- Music hub -->
	<setting id="hub.music.1" value="none" label="$LOCALIZE[13113]"/>
	<setting id="hub.music.1" value="played" label="$LOCALIZE[31714]" default="true"/>
	<setting id="hub.music.1" value="recent" label="$LOCALIZE[31665]"/>
	<setting id="hub.music.1" value="recommended" label="$LOCALIZE[31715]"/>
	<setting id="hub.music.1" value="random" label="$LOCALIZE[31715]"/>
	<setting id="hub.music.1" value="randomsongs" label="$LOCALIZE[31663]"/>
	<setting id="hub.music.1" value="artists" label="$LOCALIZE[133]"/>

	<setting id="hub.music.2" value="none" label="$LOCALIZE[13113]"/>
	<setting id="hub.music.2" value="played" label="$LOCALIZE[31714]"/>
	<setting id="hub.music.2" value="recent" label="$LOCALIZE[31665]" default="true"/>
	<setting id="hub.music.2" value="recommended" label="$LOCALIZE[31715]"/>
	<setting id="hub.music.2" value="random" label="$LOCALIZE[31715]"/>
	<setting id="hub.music.2" value="randomsongs" label="$LOCALIZE[31663]"/>
	<setting id="hub.music.2" value="artists" label="$LOCALIZE[133]"/>

	<setting id="hub.music.3" value="none" label="$LOCALIZE[13113]"/>
	<setting id="hub.music.3" value="played" label="$LOCALIZE[31714]"/>
	<setting id="hub.music.3" value="recent" label="$LOCALIZE[31665]"/>
	<setting id="hub.music.3" value="recommended" label="$LOCALIZE[31662]" default="true"/>
	<setting id="hub.music.3" value="random" label="$LOCALIZE[31715]"/>
	<setting id="hub.music.3" value="randomsongs" label="$LOCALIZE[31663]"/>
	<setting id="hub.music.3" value="artists" label="$LOCALIZE[133]"/>

	<setting id="hub.music.3" value="none" label="$LOCALIZE[13113]"/>
	<setting id="hub.music.4" value="played" label="$LOCALIZE[31714]"/>
	<setting id="hub.music.4" value="recent" label="$LOCALIZE[31665]"/>
	<setting id="hub.music.4" value="recommended" label="$LOCALIZE[31715]"/>
	<setting id="hub.music.4" value="random" label="$LOCALIZE[31715]"/>
	<setting id="hub.music.4" value="randomsongs" label="$LOCALIZE[31663]"/>
	<setting id="hub.music.4" value="artists" label="$LOCALIZE[133]"/>

	<setting id="hub.music.5" value="none" label="$LOCALIZE[13113]"/>
	<setting id="hub.music.5" value="played" label="$LOCALIZE[31714]"/>
	<setting id="hub.music.5" value="recent" label="$LOCALIZE[31665]"/>
	<setting id="hub.music.5" value="recommended" label="$LOCALIZE[31715]"/>
	<setting id="hub.music.5" value="random" label="$LOCALIZE[31715]" default="true"/>
	<setting id="hub.music.5" value="randomsongs" label="$LOCALIZE[31663]"/>
	<setting id="hub.music.5" value="artists" label="$LOCALIZE[133]"/>

	<setting id="hub.music.6" value="none" label="$LOCALIZE[13113]"/>
	<setting id="hub.music.6" value="played" label="$LOCALIZE[31714]"/>
	<setting id="hub.music.6" value="recent" label="$LOCALIZE[31665]"/>
	<setting id="hub.music.6" value="recommended" label="$LOCALIZE[31715]"/>
	<setting id="hub.music.6" value="random" label="$LOCALIZE[31715]"/>
	<setting id="hub.music.6" value="randomsongs" label="$LOCALIZE[31663]" default="true"/>
	<setting id="hub.music.6" value="artists" label="$LOCALIZE[133]"/>

	<setting id="hub.music.7" value="none" label="$LOCALIZE[13113]"/>
	<setting id="hub.music.7" value="played" label="$LOCALIZE[31714]"/>
	<setting id="hub.music.7" value="recent" label="$LOCALIZE[31665]"/>
	<setting id="hub.music.7" value="recommended" label="$LOCALIZE[31715]"/>
	<setting id="hub.music.7" value="random" label="$LOCALIZE[31715]"/>
	<setting id="hub.music.7" value="randomsongs" label="$LOCALIZE[31663]" default="true"/>
	<setting id="hub.music.7" value="artists" label="$LOCALIZE[133]"/>

	<!-- Addons hub -->
	<setting id="hub.addons.1" value="none" label="$LOCALIZE[13113]"/>
	<setting id="hub.addons.1" value="video" label="video" default="true"/>
	<setting id="hub.addons.1" value="music" label="music"/>
	<setting id="hub.addons.1" value="pictures" label="pictures"/>
	<setting id="hub.addons.1" value="programs" label="programs"/>
	<setting id="hub.addons.1" value="games" label="games"/>
	<setting id="hub.addons.1" value="recent" label="recent"/>

	<setting id="hub.addons.2" value="none" label="$LOCALIZE[13113]"/>
	<setting id="hub.addons.2" value="video" label="video" default="true"/>
	<setting id="hub.addons.2" value="music" label="music"/>
	<setting id="hub.addons.2" value="pictures" label="pictures"/>
	<setting id="hub.addons.2" value="programs" label="programs"/>
	<setting id="hub.addons.2" value="games" label="games"/>
	<setting id="hub.addons.2" value="recent" label="recent"/>

	<setting id="hub.addons.3" value="none" label="$LOCALIZE[13113]"/>
	<setting id="hub.addons.3" value="video" label="video" default="true"/>
	<setting id="hub.addons.3" value="music" label="music"/>
	<setting id="hub.addons.3" value="pictures" label="pictures"/>
	<setting id="hub.addons.3" value="programs" label="programs"/>
	<setting id="hub.addons.3" value="games" label="games"/>
	<setting id="hub.addons.3" value="recent" label="recent"/>

	<setting id="hub.addons.4" value="none" label="$LOCALIZE[13113]"/>
	<setting id="hub.addons.4" value="video" label="video" default="true"/>
	<setting id="hub.addons.4" value="music" label="music"/>
	<setting id="hub.addons.4" value="pictures" label="pictures"/>
	<setting id="hub.addons.4" value="programs" label="programs"/>
	<setting id="hub.addons.4" value="games" label="games"/>
	<setting id="hub.addons.4" value="recent" label="recent"/>

	<setting id="hub.addons.5" value="none" label="$LOCALIZE[13113]"/>
	<setting id="hub.addons.5" value="video" label="video" default="true"/>
	<setting id="hub.addons.5" value="music" label="music"/>
	<setting id="hub.addons.5" value="pictures" label="pictures"/>
	<setting id="hub.addons.5" value="programs" label="programs"/>
	<setting id="hub.addons.5" value="games" label="games"/>
	<setting id="hub.addons.5" value="recent" label="recent"/>

	<setting id="hub.addons.6" value="none" label="$LOCALIZE[13113]"/>
	<setting id="hub.addons.6" value="video" label="video" default="true"/>
	<setting id="hub.addons.6" value="music" label="music"/>
	<setting id="hub.addons.6" value="pictures" label="pictures"/>
	<setting id="hub.addons.6" value="programs" label="programs"/>
	<setting id="hub.addons.6" value="games" label="games"/>
	<setting id="hub.addons.6" value="recent" label="recent"/>

	<setting id="hub.addons.7" value="none" label="$LOCALIZE[13113]"/>
	<setting id="hub.addons.7" value="video" label="video" default="true"/>
	<setting id="hub.addons.7" value="music" label="music"/>
	<setting id="hub.addons.7" value="pictures" label="pictures"/>
	<setting id="hub.addons.7" value="programs" label="programs"/>
	<setting id="hub.addons.7" value="games" label="games"/>
	<setting id="hub.addons.7" value="recent" label="recent"/>


	<setting id="hub.defaultnodes.position" value="top" label="$LOCALIZE[31089]" default="true"/>
	<setting id="hub.defaultnodes.position" value="bottom" label="$LOCALIZE[31090]"/>


	<!-- Home menu layout -->
	<setting id="homemenu.layout" value="vertical" label="$LOCALIZE[31058]" default="true">
		<onselect condition="True">SetProperty(skinshortcuts-reloadmainmenu,true)</onselect>
	</setting>
	<setting id="homemenu.layout" value="horizontal" label="$LOCALIZE[31057]">
		<onselect condition="True">SetProperty(skinshortcuts-reloadmainmenu,true)</onselect>
	</setting>
	<setting id="homemenu.layout" value="compact" label="$LOCALIZE[31025]">
		<onselect condition="True">SetProperty(skinshortcuts-reloadmainmenu,true)</onselect>
	</setting>

	<!-- Home statusbar -->
	<setting id="home.status" value="none" label="$LOCALIZE[13113]" default="true"/>
	<setting id="home.status" value="library" label="$LOCALIZE[31067]"/>
	<setting id="home.status" value="pvr" label="$LOCALIZE[19053]"/>
	<setting id="home.status" value="rss" label="$LOCALIZE[20304]"/>
	<setting id="home.status" value="system" label="$LOCALIZE[10511]"/>
	<setting id="home.status" value="weather" label="$LOCALIZE[8]" condition="Weather.IsFetched"/>

	<!-- Date -->
	<setting id="date.enabled" value="none" label="$LOCALIZE[13113]" />
	<setting id="date.enabled" value="home" label="$LOCALIZE[31354]"/>
	<setting id="date.enabled" value="global" label="$LOCALIZE[31352]" default="true"/>
	<setting id="date.enabled" value="nohome" label="$LOCALIZE[31353]"/>

	<!-- Player time display-->
	<setting id="player.progress" value="remaining" label="$LOCALIZE[31570]" default="true"/>
	<setting id="player.progress" value="elapsed" label="$LOCALIZE[31569]"/>
	<setting id="player.progress" value="both" label="$LOCALIZE[31570] / $LOCALIZE[31569]"/>
	<setting id="player.progress" value="reversed" label="$LOCALIZE[31569] / $LOCALIZE[31570]"/>

	<!-- Horizontal home submenu orientation-->
	<setting id="submenu.type" value="horizontal" label="horizontal" default="true"/>
	<setting id="submenu.type" value="vertical" label="$LOCALIZE[31058]"/>

	<!-- Home background type -->
	<setting id="background.home" value="none" label="$LOCALIZE[36502]"/>
	<setting id="background.home" value="fanart-all" label="$LOCALIZE[31366] - $LOCALIZE[31368]"/>
	<setting id="background.home" value="fanart-video" label="$LOCALIZE[31366] - $LOCALIZE[14236]"/>
	<setting id="background.home" value="fanart-movies" label="$LOCALIZE[31366] - $LOCALIZE[31369]"/>
	<setting id="background.home" value="fanart-tvshows" label="$LOCALIZE[31366] - $LOCALIZE[31370]"/>
	<setting id="background.home" value="fanart-music" label="$LOCALIZE[31366] - $LOCALIZE[14237]"/>
	<setting id="background.home" value="pictures" label="$LOCALIZE[31056]"/>
	<setting id="background.home" value="custom" label="$LOCALIZE[636]" default="true"/>

	<!-- Global background type -->
	<setting id="background.media" value="none" label="$LOCALIZE[36502]"/>
	<setting id="background.media" value="custom" label="$LOCALIZE[636]" default="true"/>
	<setting id="background.media" value="fanart" label="$LOCALIZE[31218]"/>

	<!-- Global scrolling type -->
	<setting id="global.scrolltype" value="active" label="$LOCALIZE[31320]"/>
	<setting id="global.scrolltype" value="passive" label="$LOCALIZE[31321]" default="true"/>

	<!-- Text input -->
	<setting id="input.text" value="keyboard" label="$LOCALIZE[31355]" default="true"/>
	<setting id="input.text" value="nokeyboard" label="$LOCALIZE[31356]"/>

	<!-- Visualisation mode -->
	<setting id="viz.mode" value="fanart" label="$LOCALIZE[31218]" default="true"/>
	<setting id="viz.mode" value="viz" label="$LOCALIZE[250]"/>
	<setting id="viz.mode" value="blend" label="$LOCALIZE[20131]"/>

	<!-- Video information window infoline-->
	<setting id="info.extended" value="none" label="$LOCALIZE[13113]" default="true"/>
	<setting id="info.extended" value="rating" label="$LOCALIZE[563]"/>
	<setting id="info.extended" value="awards" label="$LOCALIZE[31671]"/>
	<setting id="info.extended" value="tags" label="$LOCALIZE[20459]"/>
	<setting id="info.extended" value="ratingawards" label="$LOCALIZE[563] &amp; $LOCALIZE[31671]"/>
	<setting id="info.extended" value="ratingawardstags" label="$LOCALIZE[563], $LOCALIZE[20459] &amp; $LOCALIZE[20459]"/>

	<!-- Ratings source -->
	<setting id="ratings.video" value="disabled" label="$LOCALIZE[36502]" default="true"/>
	<setting id="ratings.video" value="default" label="Kodi $LOCALIZE[571]"/>
	<setting id="ratings.video" value="user" label="$LOCALIZE[38018]"/>
	<setting id="ratings.video" value="imdb" label="IMDB"/>
	<setting id="ratings.video" value="imdbpercent" label="IMDB ($LOCALIZE[31341])"/>
	<setting id="ratings.video" value="mc" label="Metacritic"/>
	<setting id="ratings.video" value="rt" label="Rotten Tomatoes"/>
	<setting id="ratings.video" value="tmdb" label="TMDB"/>

	<!-- Rating overlay toggle -->
	<setting id="ratings.overlay" value="disabled" label="$LOCALIZE[36502]" default="true"/>
	<setting id="ratings.overlay" value="both" label="$LOCALIZE[342] &#38; $LOCALIZE[20343]"/>
	<setting id="ratings.overlay" value="movies" label="$LOCALIZE[342]"/>
	<setting id="ratings.overlay" value="tvshows" label="$LOCALIZE[20343]"/>

	<setting id="ratings.music" value="disabled" label="$LOCALIZE[36502]" default="true"/>
	<setting id="ratings.music" value="user" label="$LOCALIZE[38018]"/>

	<!-- Options menu player controls type -->
	<setting id="menu.controls" value="none" label="$LOCALIZE[36502]"/>
	<setting id="menu.controls" value="player" label="$LOCALIZE[31351]" default="true"/>
	<setting id="menu.controls" value="fullscreen" label="$LOCALIZE[31350]"/>

	<!-- EPG timeline scrolling speed -->
	<setting id="epg.scrollspeed" value="normal" label="$LOCALIZE[31327]" default="true"/>
	<setting id="epg.scrollspeed" value="fast" label="$LOCALIZE[31328]"/>
	<setting id="epg.scrollspeed" value="instant" label="$LOCALIZE[31329]"/>

	<!-- Global landscape artwork type -->
	<setting id="views.landscape.art" value="fanart" label="$LOCALIZE[31230]" default="true"/>
	<setting id="views.landscape.art" value="landscape" label="$LOCALIZE[31229]"/>

</settings>
