<?xml version="1.0" encoding="UTF-8"?>
<window>
	<defaultcontrol always="true">50</defaultcontrol>
	<menucontrol>7000</menucontrol>
	<views>50,51,56</views>
	<controls>

	<!-- Menu trigger -->
		<control type="button" id="5500">
			<onfocus>Control.SetFocus(50)</onfocus>
			<visible allowhiddenfocus="true">false</visible>
		</control>

	<!-- Background -->
		<include content="background_Global">
			<param name="GhostTexture">$VAR[window:Ghost]</param>
		</include>

		<control type="group">
			
			<include>toggle_Menu</include>

		<!-- Window chrome -->
			<control type="group">
				<include>transition_Chrome</include>
				<include content="global_WindowChrome">
					<param name="Title">$VAR[window:Title.Media]</param>
				</include>
			</control>
				
		<!-- View includes -->
			<control type="group">
				<include>transition_Content</include>

				<!-- List -->
				<control type="group">
					<visible>Control.IsVisible(50)</visible>
					<include>transition_ViewChange</include>
					<include content="view_List">
						<param name="TextWidth">1664</param>
					</include>
					
					<include content="info_List">
						<param name="Art">$VAR[art:Landscape]</param>
						<param name="AspectRatio">keep</param>
						<param name="AspectRatioAlign">center</param>
						<param name="AspectRatioAlignY">top</param>
						<param name="Visible">!String.IsEmpty(Container.Content)</param>
					</include>
				
				</control>
			</control>

		<!-- Scrollbar-->
			<include>global_Scrollbar</include>
		
		</control>

	<!-- Menu -->
		<include>menu_Options</include>

	</controls>
</window>