<?xml version="1.0" encoding="UTF-8" standalone="yes"?>
<addon id="service.blueelec.settings"
       name="BluerobotElec Configuration"
       version="9.0.0"
       provider-name="Bluerobot">
   <requires>
   	<import addon="xbmc.python" version="2.1.0"/>
  </requires>
  <extension point="xbmc.python.script" library="default.py"></extension>
  <extension point="xbmc.service"       library="service.py" start="startup"></extension>
  <extension point="xbmc.addon.metadata">
    <summary lang="en_gb">BluerobotElec Configuration</summary>
    <summary lang="es_MX">Configuración de BluerobotElec</summary>
    <description lang="en_gb">Use this addon to manage your BluerobotElec system's underlying operating system. From here you can manage the entire system so you don't have to worry about what runs under the hood.[CR][CR]From here you can change your network connectivity, your keyboard layout and language and enable/disable remote access including Samba and SSH.</description>
    <description lang="es_mx">Usa este complemento para configurar el sistema operativo de tu BluerobotElec. Desde aquí puedes administrar todo el sistema fácilmente.[CR][CR]Desde aquí puedes cambiar la configuración de red, distribución del teclado, lenguaje del sistema y configurar Samba y SSH para controlar el acceso remoto al sistema.</description>
    <platform>all</platform>
    <assets>
    <icon>resources/icon.png</icon>
    <fanart>resources/fanart.png</fanart>
    </assets>
  </extension>
</addon>
