<?xml version="1.0" encoding="UTF-8"?>
<window>
	<coordinates>
		<left>0</left>
		<top>870</top>
	</coordinates>
	<controls>
		<control type="group">
			<control type="group">
				<include>toggle_Menu</include>
				<include>transition_Content</include>
				<include content="global_Notification">
					<param name="Height">200</param>
					<param name="Width">756</param>
					<param name="Symbol">&#57483;</param>
					<param name="ID1">30</param>
					<param name="ID2">31</param>
					<param name="ProgressID">32</param>
					<param name="ProgressInfo"></param>
					<param name="TextColor">$VAR[color:Main]</param>
				</include>
			</control>
		</control>
	</controls>
</window>