<?xml version="1.0" encoding="UTF-8"?>
<window>
	<defaultcontrol always="true">51</defaultcontrol>
	<menucontrol>7000</menucontrol>
	<views>51,52,50,55</views>
	<controls>

	<!--menu trigger-->
		<control type="button" id="5500">
			<onfocus>Control.SetFocus(50)</onfocus>
			<visible allowhiddenfocus="true">false</visible>
		</control>

	<!--background-->
		<include>background_Global</include>

		<control type="group">

			<include>toggle_Menu</include>

		<!--chrome-->
			<control type="group">
				<include>transition_Chrome</include>
				<include content="global_WindowChrome">
					<param name="Title">$VAR[window:Title.Media]</param>
				</include>
			</control>

		<!--view includes-->
			<control type="group">
				<include>transition_Content</include>
				<include>view_List</include>
				<control type="group">
					<visible>Control.IsVisible(50)</visible>
					<include content="info_List">
						<param name="Visible">Window.IsActive(videoplaylist)</param>
					</include>
					<include content="info_List">
						<param name="Visible">Window.IsActive(musicplaylist)</param>
						<param name="Width" value="756"/>
						<param name="ArtHeight" value="756"/>
						<param name="Art" value="$VAR[art:Square]"/>
					</include>
				</control>
			</control>

		<!--scrollbars-->
			<include>global_Scrollbar</include>

		</control>
	<!--menu-->
		<include>menu_Options</include>

	</controls>
</window>
