<?xml version="1.0" encoding="UTF-8"?>
<window>
	<defaultcontrol>50</defaultcontrol>
	<menucontrol>7000</menucontrol>
	<views>50,51,521</views>
	<onload>ClearProperty(MenuOpen,Home)</onload>
	<controls>

		<!-- Menu trigger -->
		<control type="button" id="5500">
			<onfocus>Control.SetFocus(50)</onfocus>
			<visible allowhiddenfocus="true">false</visible>
		</control>

		<!-- Chrome -->
		<include content="background_Global">
			<param name="GhostTexture">$VAR[window:Ghost]</param>
		</include>

		<control type="group">
			<include>toggle_Menu</include>
			<control type="group">
				<include>transition_Chrome</include>
				<include content="global_WindowChrome">
					<param name="Title">$VAR[window:Title.PVR]</param>
				</include>
			</control>

			<include>transition_Content</include>

			<!-- Content -->		
			<control type="group">
				<visible>Control.IsVisible(50)</visible>
				<include>transition_ViewChange</include>
				<include content="view_List">
					<param name="Label">$INFO[ListItem.Label]</param>
					<param name="Label2">$INFO[ListItem.Date]$INFO[ListItem.ChannelName, - ]</param>
					<param name="ShowIcon">false</param>
				</include>
			</control>

			<!-- List -->
			<control type="group">
				<visible>Control.IsVisible(50)</visible>
				<include content="info_List">
					<param name="Visible">true</param>
					<param name="ProviderLogo">$INFO[ListItem.Icon]</param>
					<param name="ShowProviderLogo">true</param>
				</include>
			</control>

			<!-- Big List -->
			<control type="group">
				<visible>Control.IsVisible(51)</visible>
				<include>transition_ViewChange</include>
				<include content="view_BigList">
					<param name="Label2">$INFO[ListItem.Date]$INFO[ListItem.ChannelName, | ]$INFO[ListItem.Duration, | , $LOCALIZE[31075]]</param>
				</include>
			</control>

			<!-- Slide -->
			<control type="group">
				<visible>Control.IsVisible(521)</visible>
				<include>transition_ViewChange</include>
				<include content="view_SlideThumb">
					<param name="ViewTypeLabel">$LOCALIZE[31200]</param>
					<param name="Art">$VAR[art:Landscape]</param>
					<param name="Label2">$INFO[ListItem.Date]$INFO[ListItem.ChannelName, | ]$INFO[ListItem.Duration, | , $LOCALIZE[31075]]</param>
				</include>
			</control>

			<!-- Pagecontrol -->
			<include>global_Scrollbar</include>
	
		</control>

		<!--menu-->
		<include>menu_Options</include>
	</controls>
</window>