<?xml version="1.0" encoding="UTF-8"?>
<window>
	<defaultcontrol always="true">5500</defaultcontrol>
	<menucontrol>7000</menucontrol>
	<controls>

	<!--menu trigger-->
		<control type="button" id="5500">
			<onleft>7000</onleft>
			<onup>Weather.LocationNext</onup>
			<ondown>Weather.LocationPrevious</ondown>
			<visible allowhiddenfocus="true">false</visible>
		</control>

		<include content="background_Global">
			<param name="GhostTexture">overlays/108.png</param>
		</include>

		<!--global includes-->
		<control type="group">
			<include>transition_Chrome</include>
			<include>toggle_Menu</include>
			<include content="global_WindowChrome">
				<param name="Title">$VAR[window:Title.Info]</param>
				<param name="Symbol">$VAR[weather:Symbol]</param>
				<param name="SymbolFont">Weather-32</param>
			</include>
		</control>

		<control type="group">
			<left>128</left>
			<include>toggle_Menu</include>
			<include>transition_Content</include>
			
			<!-- Current conditions / outlook -->
			<control type="group">
				<top>162</top>	
				<control type="label">
					<width>1664</width>
					<height>54</height>
					<textcolor>$VAR[color:Text.2]</textcolor>
					<label>$INFO[Weather.Location,, - ]$INFO[Window(Weather).Property(Updated),$LOCALIZE[12014]: ]</label>
					<include>global_Header</include>
				</control>
				<control type="image">
					<top>88</top>
					<left>58</left>
					<width>256</width>
					<height>256</height>
					<texture>$VAR[weather:Icons]$INFO[Window(Weather).Property(Daily.1.FanartCode)].png</texture>
					<aspectratio align="center" aligny="center">keep</aspectratio>
				</control>
				<control type="group">
					<top>54</top>
					<left>400</left>
					<control type="grouplist">
						<width>500</width>
						<height>360</height>
						<orientation>vertical</orientation>
						<itemgap>0</itemgap>
						<!--L1-->
						<include content="information_Block">
							<param name="Label">$VAR[information:L1.Label]</param>
							<param name="InfoLabel">$VAR[information:L1]</param>
							<param name="Height" value="108"/>
							<param name="ItemHeight" value="64"/>
						</include>
						<!--L2-->
						<include content="information_Block">
							<param name="Label">$VAR[information:L2.Label]</param>
							<param name="InfoLabel">$VAR[information:L2]</param>
							<param name="Height" value="108"/>
							<param name="ItemHeight" value="64"/>
						</include>
						<!--L3-->
						<include content="information_Block">
							<param name="Label">$VAR[information:L3.Label]</param>
							<param name="InfoLabel">$VAR[information:L3]</param>
							<param name="Height" value="108"/>
							<param name="ItemHeight" value="64"/>
						</include>
					</control>
					<!--right info column-->
					<control type="grouplist">
						<left>500</left>
						<width>500</width>
						<height>360</height>
						<orientation>vertical</orientation>
						<itemgap>0</itemgap>
						<!--R1-->
						<include content="information_Block">
							<param name="Label">$VAR[information:R1.Label]</param>
							<param name="InfoLabel">$VAR[information:R1]</param>
							<param name="Height" value="108"/>
							<param name="ItemHeight" value="64"/>
						</include>
						<!--R2-->
						<include content="information_Block">
							<param name="Label">$VAR[information:R2.Label]</param>
							<param name="InfoLabel">$VAR[information:R2]</param>
							<param name="Height" value="108"/>
							<param name="ItemHeight" value="64"/>
						</include>
						<!--R3-->
						<include content="information_Block">
							<param name="Label">$VAR[information:R3.Label]</param>
							<param name="InfoLabel">$VAR[information:R3]</param>
							<param name="Height" value="108"/>
							<param name="ItemHeight" value="64"/>
						</include>
					</control>
				</control>
			</control>
			
			<control type="group">
				<top>594</top>

				<!-- Forecast -->
				<control type="label">
					<width>1664</width>
					<height>54</height>
					<textcolor>$VAR[color:Text.2]</textcolor>
					<label>$LOCALIZE[31850]</label>
					<include>global_Header</include>
				</control>
				<control type="list" id="50">
					<top>54</top>
					<width>1664</width>
					<height>screen_Height</height>
					<orientation>horizontal</orientation>
					<itemlayout width="277.33" height="screen_Height">
						<control type="label">
							<width>277.33</width>
							<height>108</height>
							<font>Black-26</font>
							<align>center</align>
							<aligny>center</aligny>
							<textcolor>$VAR[color:Accent]</textcolor>
							<label>$INFO[ListItem.Label]</label>
						</control>
						<control type="image">
							<left>74.66</left>
							<top>108</top>
							<width>128</width>
							<height>108</height>
							<texture background="true">$INFO[ListItem.Icon]</texture>
							<aspectratio align="center" aligny="center">keep</aspectratio>
							<visible>!Skin.HasSetting(weatherIcons.multi)</visible>
						</control>
						<control type="label">
							<top>216</top>
							<width>277.33</width>
							<height>108</height>
							<font>Regular-22-L</font>
							<align>center</align>
							<aligny>center</aligny>
							<textcolor>$VAR[color:Text.2]</textcolor>
							<label>$INFO[ListItem.Label2]</label>
						</control>
					</itemlayout>
					<focusedlayout width="277.33" height="screen_Height">
						<control type="label">
							<width>277.33</width>
							<height>108</height>
							<font>Black-26</font>
							<align>center</align>
							<aligny>center</aligny>
							<textcolor>$VAR[color:Accent]</textcolor>
							<label>$INFO[ListItem.Label]</label>
						</control>
						<control type="image">
							<left>74.66</left>
							<top>108</top>
							<width>128</width>
							<height>108</height>
							<texture background="true">$INFO[ListItem.Icon]</texture>
							<aspectratio align="center" aligny="center">keep</aspectratio>
							<visible>!Skin.HasSetting(weatherIcons.multi)</visible>
						</control>
						<control type="label">
							<top>216</top>
							<width>277.33</width>
							<height>108</height>
							<font>Regular-22-L</font>
							<align>center</align>
							<aligny>center</aligny>
							<textcolor>$VAR[color:Text.2]</textcolor>
							<label>$INFO[ListItem.Label2]</label>
						</control>
					</focusedlayout>
					<content>
						<item>
							<onclick>noop</onclick>
							<label>$INFO[Window(Weather).Property(Day1.Title)]</label>
							<label2>$INFO[Window(Weather).Property(Day1.LowTemp)]$INFO[System.TemperatureUnits] / $INFO[Window(Weather).Property(Day1.HighTemp)]$INFO[System.TemperatureUnits]</label2>
							<icon>$VAR[weather:Icons]$INFO[Window(Weather).Property(Daily.1.FanartCode)].png</icon>
							<property name="weatherIconMulti">$VAR[weather:Icons]$INFO[Window(Weather).Property(Daily.1.FanartCode)]/</property>
							<visible>!String.IsEmpty(Window(Weather).Property(Day1.Title))</visible>
						</item>
						<item>
							<onclick>noop</onclick>
							<label>$INFO[Window(Weather).Property(Day2.Title)]</label>
							<label2>$INFO[Window(Weather).Property(Day2.LowTemp)]$INFO[System.TemperatureUnits] / $INFO[Window(Weather).Property(Day2.HighTemp)]$INFO[System.TemperatureUnits]</label2>
							<icon>$VAR[weather:Icons]$INFO[Window(Weather).Property(Daily.2.FanartCode)].png</icon>
							<property name="weatherIconMulti">$VAR[weather:Icons]$INFO[Window(Weather).Property(Daily.2.FanartCode)]/</property>
							<visible>!String.IsEmpty(Window(Weather).Property(Day2.Title))</visible>
						</item>
						<item>
							<onclick>noop</onclick>
							<label>$INFO[Window(Weather).Property(Day3.Title)]</label>
							<label2>$INFO[Window(Weather).Property(Day3.LowTemp)]$INFO[System.TemperatureUnits] / $INFO[Window(Weather).Property(Day3.HighTemp)]$INFO[System.TemperatureUnits]</label2>
							<icon>$VAR[weather:Icons]$INFO[Window(Weather).Property(Daily.3.FanartCode)].png</icon>
							<property name="weatherIconMulti">$VAR[weather:Icons]$INFO[Window(Weather).Property(Daily.3.FanartCode)]/</property>
							<visible>!String.IsEmpty(Window(Weather).Property(Day3.Title))</visible>
						</item>
						<item>
							<onclick>noop</onclick>
							<label>$INFO[Window(Weather).Property(Day4.Title)]</label>
							<label2>$INFO[Window(Weather).Property(Day4.LowTemp)]$INFO[System.TemperatureUnits] / $INFO[Window(Weather).Property(Day4.HighTemp)]$INFO[System.TemperatureUnits]</label2>
							<icon>$VAR[weather:Icons]$INFO[Window(Weather).Property(Daily.4.FanartCode)].png</icon>
							<property name="weatherIconMulti">$VAR[weather:Icons]$INFO[Window(Weather).Property(Daily.4.FanartCode)]/</property>
							<visible>!String.IsEmpty(Window(Weather).Property(Day4.Title))</visible>
						</item>
						<item>
							<onclick>noop</onclick>
							<label>$INFO[Window(Weather).Property(Day5.Title)]</label>
							<label2>$INFO[Window(Weather).Property(Day5.LowTemp)]$INFO[System.TemperatureUnits] / $INFO[Window(Weather).Property(Day5.HighTemp)]$INFO[System.TemperatureUnits]</label2>
							<icon>$VAR[weather:Icons]$INFO[Window(Weather).Property(Daily.5.FanartCode)].png</icon>
							<property name="weatherIconMulti">$VAR[weather:Icons]$INFO[Window(Weather).Property(Daily.5.FanartCode)]/</property>
							<visible>!String.IsEmpty(Window(Weather).Property(Day5.Title))</visible>
						</item>
						<item>
							<onclick>noop</onclick>
							<label>$INFO[Window(Weather).Property(Day6.Title)]</label>
							<label2>$INFO[Window(Weather).Property(Day6.LowTemp)]$INFO[System.TemperatureUnits] / $INFO[Window(Weather).Property(Day6.HighTemp)]$INFO[System.TemperatureUnits]</label2>
							<icon>$VAR[weather:Icons]$INFO[Window(Weather).Property(Daily.6.FanartCode)].png</icon>
							<property name="weatherIconMulti">$VAR[weather:Icons]$INFO[Window(Weather).Property(Daily.6.FanartCode)]/</property>
							<visible>!String.IsEmpty(Window(Weather).Property(Day6.Title))</visible>
						</item>
					</content>
				</control>
			</control>
		</control>

		<!--menu-->
		<include>menu_Options</include>

	</controls>
</window>