<?xml version='1.0' encoding='UTF-8'?>
<shortcuts>

	<!-- pvr -->
	<shortcut>
		<defaultID>embuary_pvr</defaultID>
		<label>$VAR[PVRLabel]</label>
		<label2/>
		<icon>special://skin/extras/icons/thumb_livetv.jpg</icon>
		<thumb/>
		<action>ActivateWindow(1124,return)</action>
		<visible>Pvr.HasTVChannels</visible>
	</shortcut>
	<shortcut>
		<defaultID>plugin.video.netflix</defaultID>
		<label>Netflix</label>
		<label2>Netflix</label2>
		<icon>special://skin/extras/icons/netflix.jpg</icon>
		<thumb />
		<action>ActivateWindow(Videos,"plugin://plugin.video.netflix",return)</action>
	</shortcut>
	<shortcut>
		<defaultID>plugin.video.youtube</defaultID>
		<label>Youtube</label>
		<label2>Youtube</label2>
		<icon>special://skin/extras/icons/youtube.jpg</icon>
		<thumb />
		<action>ActivateWindow(Videos,"plugin://plugin.video.youtube",return)</action>
	</shortcut>

</shortcuts>
