<?xml version='1.0' encoding='UTF-8'?>
<shortcuts>
	<shortcut>
		<defaultID>31531</defaultID>
		<label>$INFO[Player.Title]</label>
		<label2>Action</label2>
		<icon>DefaultShortcut.png</icon>
		<thumb />
		<action>action(FullScreen)</action>
		<visible>Player.HasAudio</visible>
	</shortcut>
	<shortcut>
		<defaultID>244</defaultID>
		<label>$INFO[Player.Title]</label>
		<label2>Action</label2>
		<icon>DefaultShortcut.png</icon>
		<thumb />
		<action>action(FullScreen)</action>
		<visible>Player.HasVideo</visible>
	</shortcut>
	<!-- <shortcut>
		<defaultID>3</defaultID>
		<label>3</label>
		<label2>Skin shortcut</label2>
		<icon>DefaultShortcut.png</icon>
		<thumb />
		<action>ActivateWindow(Videos,files)</action>
	</shortcut> -->
	<!-- <shortcut>
		<defaultID>36901</defaultID>
		<label>36901</label>
		<label2>Custom item</label2>
		<icon>DefaultShortcut.png</icon>
		<thumb />
		<action>ActivateWindow(Videos,videodb://movies/titles/,return)</action>
	</shortcut> -->
	<!-- <shortcut>
		<defaultID>36903</defaultID>
		<label>36903</label>
		<label2>Custom item</label2>
		<icon>DefaultShortcut.png</icon>
		<thumb />
		<action>ActivateWindow(Videos,videodb://tvshows/titles/,return)</action>
	</shortcut> -->
	<!-- <shortcut>
		<defaultID>32019</defaultID>
		<label>32019</label>
		<label2>Common menu item</label2>
		<icon>DefaultShortcut.png</icon>
		<thumb />
		<action>ActivateWindow(Music)</action>
	</shortcut> -->
	<shortcut>
		<defaultID>livetv</defaultID>
		<label>32022</label>
		<label2>Common menu item</label2>
		<icon>DefaultShortcut.png</icon>
		<thumb />
		<action>ActivateWindow(TVChannels)</action>
	</shortcut>
	<!-- <shortcut>
		<defaultID>pictures</defaultID>
		<label>10002</label>
		<label2>Common Shortcut</label2>
		<icon>DefaultShortcut.png</icon>
		<thumb />
		<action>ActivateWindow(Pictures)</action>
	</shortcut> -->
	<!-- <shortcut>
		<defaultID>24001</defaultID>
		<label>24001</label>
		<label2>Add-on browser</label2>
		<icon>DefaultShortcut.png</icon>
		<thumb />
		<action>ActivateWindow(1110)</action>
	</shortcut> -->
	<!-- <onclick>ActivateWindow(Videos,"plugin://plugin.video.comedycentral",return)</onclick> -->
	<!-- <shortcut>
		<defaultID>weather</defaultID>
		<label>12600</label>
		<label2>Common menu item</label2>
		<icon>DefaultShortcut.png</icon>
		<thumb />
		<action>ActivateWindow(Weather)</action>
	</shortcut> -->
	<shortcut>
		<defaultID>1036</defaultID>
		<label>1036</label>
		<label2>Favourites</label2>
		<icon>DefaultShortcut.png</icon>
		<thumb />
		<action>ActivateWindow(Favourites)</action>
	</shortcut>
	<shortcut>
		<defaultID>13000</defaultID>
		<label>13000</label>
		<label2>Common Shortcut</label2>
		<icon>DefaultShortcut.png</icon>
		<thumb />
		<action>ActivateWindow(Settings)</action>
	</shortcut>
</shortcuts>
