<?xml version="1.0" encoding="UTF-8"?>
<window id="1114">
	<defaultcontrol always="true">10</defaultcontrol>
	<backgroundcolor>background</backgroundcolor>
	<menucontrol>6666</menucontrol>
	<include content="PropertyIncludes">
		<param name="ShowHeader" value="true"/>
	</include>
	<controls>
		<!-- background -->
		<include>Background</include>
		<!-- Genres -->
		<include content="Genre_View">
			<param name="content" value="$INFO[Window(home).Property(ListGenres)]"/>
		</include>
		<!-- header bar -->
		<include content="HeaderBar">
			<param name="id">10</param>
		</include>
		<!-- busy spinner -->
		<include content="CustomBusySpinner">
			<param name="diffuse" value="false"/>
			<param name="delay" value="true"/>
			<param name="visible" value="Container(2000).IsUpdating | Container(101).IsUpdating | Container(102).IsUpdating"/>
		</include>
		<!-- side panel -->
		<include content="SidePanel">
			<param name="onright">10</param>
		</include>
	</controls>
</window>
