<?xml version="1.0" encoding="UTF-8"?>
<window>
	<zorder>3</zorder>
	<include>PropertyIncludes</include>
	<controls>
		<!-- Hidden Control-->
		<control type="image" id="400">
			<include>HiddenObject</include>
		</control>
		<control type="label" id="401">
			<include>HiddenObject</include>
		</control>
		<control type="label" id="402">
			<include>HiddenObject</include>
		</control>
		<!-- Dialog -->
		<control type="group">
			<animation type="WindowOpen" reversible="false">
				<effect type="slide" start="0,200" end="0,0" delay="100" tween="circle" easin="out" time="400" />
				<effect type="fade" delay="160" end="100" time="400" />
			</animation>
			<animation type="WindowClose" reversible="false">
				<effect type="slide" start="0,0" end="0,200" easing="in" tween="circle" easin="out" time="400" />
				<effect type="fade" start="100" end="0" time="400" />
			</animation>
			<width>550</width>
			<height>240</height>
			<right>30</right>
			<bottom>30</bottom>
			<!-- Background image -->
			<control type="image">
				<texture colordiffuse="context_color" border="65">dialogs/notification/bg.png</texture>
			</control>
			<!-- icon -->
			<control type="group">
				<centertop>50%</centertop>
				<left>65</left>
				<width>80</width>
				<height>80</height>
				<!-- Icon -->
				<control type="image">
					<texture colordiffuse="$VAR[AccentColor]">icons/misc/notification.png</texture>
					<bordersize>10</bordersize>
					<visible>String.IsEmpty(Control.GetLabel(400)) | String.StartsWith(Control.GetLabel(400),Default)</visible>
				</control>
				<control type="image">
					<texture>$INFO[Control.GetLabel(400)]</texture>
					<bordersize>10</bordersize>
					<visible>!String.StartsWith(Control.GetLabel(400),Default) + !String.IsEmpty(Control.GetLabel(400))</visible>
				</control>
			</control>
			<!-- Details -->
			<control type="textbox">
				<top>80</top>
				<left>160</left>
				<right>80</right>
				<bottom>80</bottom>
				<font>Reg22</font>
				<scroll>true</scroll>
				<aligny>center</aligny>
				<textcolor>context_textcolor</textcolor>
				<label>$INFO[Control.GetLabel(401),[B],[/B][CR]]$INFO[Control.GetLabel(402)]</label>
			</control>
		</control>
	</controls>
</window>
