<?xml version="1.0" encoding="UTF-8"?>
<includes>
	<!-- Move/TVShow -->
	<include name="VideoInfoLayout">
		<!-- Background -->
		<include>Background</include>
		<!-- Dialog -->
		<control type="grouplist" id="500">
			<include>Window_OpenClose</include>
			<width>100%</width>
			<height>100%</height>
			<orientation>vertical</orientation>
			<usecontrolcoords>true</usecontrolcoords>
			<include>ScrollTime</include>
			<itemgap>-80</itemgap>
			<pagecontrol>17</pagecontrol>
			<!-- Meta -->
			<control type="group">
				<top>90</top>
				<height>480</height>
				<!-- poster -->
				<include>MetaVideoPoster</include>
				<!-- Meta -->
				<control type="group">
					<control type="grouplist">
						<left>370</left>
						<orientation>vertical</orientation>
						<height>500</height>
						<align>top</align>
						<itemgap>0</itemgap>
						<width>1480</width>
						<control type="label">
							<width>1040</width>
							<height>55</height>
							<label>$INFO[VideoPlayer.TvShowTitle]</label>
							<font>Reg37</font>
							<aligny>top</aligny>
							<visible>VideoPlayer.Content(episodes)</visible>
						</control>
						<control type="label">
							<width>1040</width>
							<height>55</height>
							<label>$VAR[PlayerSeasonEpisode]$INFO[VideoPlayer.Title]</label>
							<font>Reg37</font>
							<aligny>top</aligny>
						</control>
						<!-- meta -->
						<include>PlayerVideoInfos</include>
						<!-- buttons -->
						<control type="grouplist" id="100">
							<height>70</height>
							<orientation>horizontal</orientation>
							<itemgap>5</itemgap>
							<onright>noop</onright>
							<onleft>900</onleft>
							<control type="button" id="8">
								<include>LightGreyButton</include>
								<label>$LOCALIZE[15067]</label>
								<onclick>close</onclick>
								<ondown>200</ondown>
							</control>
							<control type="button" id="97">
								<visible>!String.IsEmpty(VideoPlayer.Plot)</visible>
								<include>LightGreyButtonRound</include>
								<font>material24</font>
								<label></label>
								<onclick>RunScript(script.embuary.helper,action=textviewer,header='$ESCVAR[TinyInfoDialogHeadline]',message='$ESCVAR[TinyInfoDialogPlot]')</onclick>
								<ondown>200</ondown>
							</control>
						</control>
						<!-- genre -->
						<include content="MetaGenre">
							<param name="visible" value="!VideoPlayer.Content(episodes)"/>
							<param name="type" value="VideoPlayer"/>
						</include>
						<!-- plot -->
						<control type="textbox">
							<width>100%</width>
							<height max="130">auto</height>
							<align>justify</align>
							<aligny>top</aligny>
							<label>$INFO[VideoPlayer.Tagline,[B],[/B][CR]]$INFO[VideoPlayer.Plot]</label>
							<font>Light24</font>
							<autoscroll>false</autoscroll>
							<visible>!VideoPlayer.Content(episodes) + !String.IsEmpty(VideoPlayer.Plot)</visible>
						</control>
						<control type="textbox">
							<width>100%</width>
							<height max="100">auto</height>
							<align>justify</align>
							<aligny>top</aligny>
							<label>$INFO[VideoPlayer.Tagline,[B],[/B][CR]]$INFO[VideoPlayer.Plot]</label>
							<font>Light24</font>
							<autoscroll>false</autoscroll>
							<visible>VideoPlayer.Content(episodes) + !String.IsEmpty(VideoPlayer.Plot)</visible>
						</control>
						<control type="label">
							<height>20</height>
							<visible>!String.IsEmpty(VideoPlayer.Plot)</visible>
						</control>
						<!-- flags -->
						<include content="MetaFlags">
							<param name="type" value="PlayerFlags"/>
						</include>
					</control>
					<!-- logo -->
					<include>MetaPlayerClearlogo</include>
				</control>
			</control>
			<!-- Cast -->
			<include content="CastWidget">
				<param name="visible" value="Integer.IsGreater(Container(2000).NumItems,0)"/>
				<param name="id" value="200"/>
				<param name="onup" value="100"/>
				<param name="ondown" value="300"/>
				<param name="content" value="$VAR[PlayerCastContent]"/>
			</include>
			<!-- Media Info -->
			<include content="VideoMediaInfo">
				<param name="id" value="300"/>
				<param name="onup" value="200"/>
				<param name="ondown" value="noop"/>
			</include>
		</control>
		<!-- header bar -->
		<include content="HeaderBar">
			<param name="id">500</param>
		</include>
	</include>
	<!-- MediaInfo -->
	<include name="VideoMediaInfo">
		<control type="group">
			<height>350</height>
			<control type="button" id="$PARAM[id]">
				<include>NoTextures</include>
				<top>25</top>
				<left>45</left>
				<right>70</right>
				<height>87</height>
				<font>Med23</font>
				<align>left</align>
				<aligny>center</aligny>
				<textcolor>text_white</textcolor>
				<focusedcolor>$VAR[AccentColor]</focusedcolor>
				<label>$LOCALIZE[544]</label>
				<onclick>noop</onclick>
				<onup>$PARAM[onup]</onup>
				<ondown>$PARAM[ondown]</ondown>
				<onleft>900</onleft>
			</control>
			<control type="grouplist">
				<left>70</left>
				<right>70</right>
				<top>94</top>
				<right>70</right>
				<itemgap>5</itemgap>
				<orientation>vertical</orientation>
				<usecontrolcoords>true</usecontrolcoords>
				<control type="label">
					<height>30</height>
					<wrapmultiline>false</wrapmultiline>
					<font>Reg20</font>
					<aligny>bottom</aligny>
					<label>[B]$LOCALIZE[21800]:[/B]    $INFO[Player.FileName]</label>
					<visible>!String.IsEmpty(Player.FileName)</visible>
				</control>
				<control type="label">
					<height>30</height>
					<wrapmultiline>false</wrapmultiline>
					<font>Reg20</font>
					<aligny>bottom</aligny>
					<label>[B]$LOCALIZE[573]:[/B]    $INFO[Player.Folderpath]</label>
					<visible>!String.IsEmpty(Player.Folderpath)</visible>
				</control>
				<control type="label">
					<height>30</height>
					<wrapmultiline>false</wrapmultiline>
					<font>Reg20</font>
					<aligny>bottom</aligny>
					<label>[B]$LOCALIZE[291]:[/B][UPPERCASE]    $VAR[PlayerResolution]$INFO[VideoPlayer.VideoCodec, ,]$INFO[VideoPlayer.VideoAspect, ,AR][/UPPERCASE]</label>
					<visible>!String.IsEmpty(VideoPlayer.VideoResolution) + [String.IsEqual(VideoPlayer.StereoscopicMode,mono) | String.IsEmpty(VideoPlayer.StereoscopicMode)]</visible>
				</control>
				<control type="label">
					<height>30</height>
					<wrapmultiline>false</wrapmultiline>
					<font>Reg20</font>
					<aligny>bottom</aligny>
					<label>[B]$LOCALIZE[291]:[/B][UPPERCASE]    $VAR[PlayerResolution]$INFO[VideoPlayer.VideoCodec, ,]$INFO[VideoPlayer.VideoAspect, ,AR][/UPPERCASE]$INFO[VideoPlayer.StereoscopicMode,  [UPPERCASE][B]$LOCALIZE[36501]:[/B][/UPPERCASE]  ]</label>
					<visible>!String.IsEmpty(VideoPlayer.VideoResolution) + String.IsEqual(VideoPlayer.StereoscopicMode,mono)</visible>
				</control>
				<control type="label">
					<height>30</height>
					<wrapmultiline>false</wrapmultiline>
					<font>Reg20</font>
					<aligny>bottom</aligny>
					<label>[B]$LOCALIZE[292]:[/B][UPPERCASE]    $INFO[VideoPlayer.AudioLanguage,, ]$INFO[VideoPlayer.AudioChannels,,ch ]$INFO[VideoPlayer.AudioCodec][/UPPERCASE]</label>
					<visible>!String.IsEmpty(VideoPlayer.AudioLanguage)</visible>
				</control>
				<control type="label">
					<height>30</height>
					<wrapmultiline>false</wrapmultiline>
					<font>Reg20</font>
					<aligny>bottom</aligny>
					<label>[B]$LOCALIZE[459]:[/B][UPPERCASE]    $INFO[VideoPlayer.SubtitlesLanguage][/UPPERCASE]</label>
					<visible>!String.IsEmpty(VideoPlayer.SubtitlesLanguage)</visible>
				</control>
			</control>
		</control>
	</include>
	<!-- PVR -->
	<include name="VideoPVRInfoLayout">
		<!-- Background -->
		<include>Background</include>
		<!-- info -->
		<control type="group">
			<include>Window_OpenClose</include>
			<include>FullscreenDimensions</include>
			<control type="group">
				<top>90</top>
				<height>950</height>
				<!-- thumb -->
				<include>MetaVideoBigThumb</include>
				<!-- meta -->
				<control type="grouplist" id="500">
					<left>684</left>
					<orientation>vertical</orientation>
					<width>1166</width>
					<align>top</align>
					<itemgap>0</itemgap>
					<control type="label">
						<width>1166</width>
						<height>55</height>
						<label>$INFO[VideoPlayer.Title]</label>
						<font>Reg37</font>
						<aligny>top</aligny>
						<visible>!String.IsEmpty(VideoPlayer.Title)</visible>
					</control>
					<control type="label">
						<width>1166</width>
						<height>55</height>
						<label>$INFO[VideoPlayer.ChannelName]</label>
						<font>Reg37</font>
						<aligny>top</aligny>
						<visible>String.IsEmpty(VideoPlayer.Title)</visible>
					</control>
					<control type="grouplist">
						<height>55</height>
						<width>1166</width>
						<itemgap>5</itemgap>
						<orientation>horizontal</orientation>
						<control type="label">
							<width>auto</width>
							<height>55</height>
							<label>$VAR[PlayerEpisodeName]</label>
							<font>Reg37</font>
							<aligny>top</aligny>
						</control>
					</control>
					<!-- meta -->
					<include>PlayerVideoInfos</include>
					<!-- flags -->
					<include content="MetaFlags">
						<param name="type" value="PlayerFlags"/>
					</include>
					<!-- buttons -->
					<control type="grouplist" id="100">
						<height>70</height>
						<orientation>horizontal</orientation>
						<itemgap>5</itemgap>
						<onleft>900</onleft>
						<onright>noop</onright>
						<control type="button" id="101">
							<include>LightGreyButton</include>
							<label>$LOCALIZE[15067]</label>
							<onclick>close</onclick>
						</control>
						<control type="button" id="102">
							<include>LightGreyButton</include>
							<label>$VAR[PlayerRecordingLabel]</label>
							<onclick>PlayerControl(record)</onclick>
							<visible>PVR.CanRecordPlayingChannel</visible>
						</control>
						<control type="button" id="103">
							<visible>!String.IsEmpty(VideoPlayer.Plot)</visible>
							<include>LightGreyButtonRound</include>
							<font>material24</font>
							<label></label>
							<onclick>RunScript(script.embuary.helper,action=textviewer,header='$ESCINFO[VideoPlayer.Title]',message='$ESCVAR[TinyInfoDialogPlot]')</onclick>
						</control>
					</control>
					<!-- Genre -->
					<include content="MetaGenre">
						<param name="type" value="VideoPlayer"/>
					</include>
					<!-- Plot -->
					<control type="textbox">
						<width>1166</width>
						<height>auto</height>
						<align>justify</align>
						<aligny>top</aligny>
						<label>$INFO[VideoPlayer.Plot]</label>
						<font>Light24</font>
						<autoscroll>false</autoscroll>
					</control>
				</control>
			</control>
		</control>
		<!-- header bar -->
		<include content="HeaderBar">
			<param name="id">500</param>
		</include>
	</include>
</includes>
