<?xml version="1.0" encoding="utf-8"?>
<window>
	<defaultcontrol></defaultcontrol>
	<onload condition="System.HasAddon(script.artistslideshow)">RunScript(script.artistslideshow)</onload>
	<onload>SetProperty(showvisinfo,1,home)</onload>
	<onload>AlarmClock(PreloadTimeout,ClearProperty(showvisinfo,home),00:04,silent)</onload>
	<backgroundcolor>background</backgroundcolor>
	<include>PropertyIncludes</include>
	<controls>
		<!-- Visualisation -->
		<include>MusicBackground</include>
		<!-- Busy spinner -->
		<control type="group" id="99">
			<visible>Player.Caching</visible>
			<include content="BusySpinner">
				<param name="id" value="99"/>
				<param name="colordiffuse" value="white"/>
			</include>
		</control>
		<!-- OSD -->
		<control type="group" id="99">
			<visible>Window.IsVisible(musicosd) | Window.IsVisible(seekbar) | Player.Paused | [Window.IsVisible(volumebar) + !Player.Muted] | !String.IsEmpty(Window(home).Property(showvisinfo))</visible>
			<animation effect="fade" start="0" end="100" time="0">Visible</animation>
			<animation effect="fade" start="100" end="0" time="400" delay="2000">Hidden</animation>
			<!--Top-->
			<include>PlayerTopBar</include>
			<!--Bottom-->
			<control type="group" id="99">
				<!-- mask -->
				<control type="image" id="99">
					<bottom>0</bottom>
					<width>100%</width>
					<height>216</height>
					<texture colordiffuse="black">views/player/mask_bottom.png</texture>
				</control>
				<!-- Square -->
				<control type="group" id="99">
					<control type="image" id="99">
						<bottom>25</bottom>
						<left>27</left>
						<width>256</width>
						<height>256</height>
						<texture border="20,20,20,20">items/shadow.png</texture>
					</control>
					<control type="image">
						<visible>!Skin.HasSetting(HideDiscArt)</visible>
						<animation effect="rotate" center="auto" time="6000" end="-360" condition="true" loop="true">Conditional</animation>
						<bottom>130</bottom>
						<left>29</left>
						<width>250</width>
						<height>250</height>
						<texture diffuse="views/player/cd.png" background="true">$VAR[PlayerDiscArt]</texture>
						<fadetime>200</fadetime>
						<aspectratio>scale</aspectratio>
					</control>
					<control type="group" id="99">
						<visible>[String.IsEmpty(MusicPlayer.Cover) | String.StartsWith(MusicPlayer.Cover,Default)] + String.IsEmpty(Window(home).Property(MusicPlayer.Cover))</visible>
						<control type="image" id="99">
							<bottom>29</bottom>
							<left>29</left>
							<width>250</width>
							<height>250</height>
							<texture colordiffuse="$VAR[ThumbFallbackColor]">common/white.jpg</texture>
							<aspectratio scalediffuse="false">stretch</aspectratio>
						</control>
						<control type="textbox" id="99">
							<bottom>39</bottom>
							<left>39</left>
							<width>230</width>
							<height>230</height>
							<font>Light24</font>
							<textcolor>white</textcolor>
							<align>center</align>
							<aligny>center</aligny>
							<label>$VAR[MusicPlayerCoverTitle]</label>
						</control>
					</control>
					<control type="group" id="99">
						<visible>[!String.IsEmpty(MusicPlayer.Cover) + !String.StartsWith(MusicPlayer.Cover,Default)] | !String.IsEmpty(Window(home).Property(MusicPlayer.Cover))</visible>
						<control type="image" id="99">
							<bottom>29</bottom>
							<left>29</left>
							<width>250</width>
							<height>250</height>
							<texture colordiffuse="thumb_background_player">common/white.jpg</texture>
							<aspectratio scalediffuse="false">stretch</aspectratio>
						</control>
						<control type="image" id="99">
							<bottom>29</bottom>
							<left>29</left>
							<width>250</width>
							<height>250</height>
							<texture>$VAR[PlayerIcon]</texture>
							<aspectratio scalediffuse="false">scale</aspectratio>
							<visible>!String.StartsWith(Player.Filenameandpath,pvr://)</visible>
						</control>
						<control type="image" id="99">
							<bottom>29</bottom>
							<left>29</left>
							<width>250</width>
							<height>250</height>
							<texture>$VAR[PlayerIcon]</texture>
							<aspectratio scalediffuse="false">keep</aspectratio>
							<bordersize>20</bordersize>
							<visible>String.StartsWith(Player.Filenameandpath,pvr://)</visible>
						</control>
					</control>
				</control>
				<!-- Progress bars -->
				<control type="group" id="99">
					<!--  Cache bar -->
					<control type="progress" id="99">
						<include>PlayerProgressDimension</include>
						<info>Player.ProgressCache</info>
						<texturebg colordiffuse="grey">common/white.jpg</texturebg>
						<midtexture colordiffuse="white">common/white.jpg</midtexture>
					</control>
					<!-- Video progress bar -->
					<control type="progress" id="99">
						<include>PlayerProgressDimension</include>
						<info>Player.Progress</info>
						<texturebg colordiffuse="00ffffff">common/white.jpg</texturebg>
						<midtexture colordiffuse="$VAR[PlayerAccentColor]">common/white.jpg</midtexture>
					</control>
				</control>
				<!-- Label section -->
				<control type="grouplist" id="99">
					<orientation>horizontal</orientation>
					<height>31</height>
					<bottom>161</bottom>
					<left>309</left>
					<right>30</right>
					<itemgap>0</itemgap>
					<control type="label" id="99">
						<width>auto</width>
						<height>30</height>
						<aligny>center</aligny>
						<font>med24</font>
						<label>$VAR[PlayerFullLabel]   </label>
					</control>
				</control>
				<control type="grouplist" id="99">
					<orientation>horizontal</orientation>
					<height>31</height>
					<bottom>125</bottom>
					<left>309</left>
					<right>30</right>
					<itemgap>0</itemgap>
					<control type="label" id="99">
						<width>790</width>
						<height>30</height>
						<aligny>center</aligny>
						<font>reg24</font>
						<textcolor>softgrey</textcolor>
						<label fallback="19055">$VAR[PlayerEpisodeName]</label>
					</control>
					<control type="label" id="99">
						<width>790</width>
						<height>30</height>
						<align>right</align>
						<aligny>center</aligny>
						<font>reg24</font>
						<textcolor>softgrey</textcolor>
						<label>$INFO[MusicPlayer.PlaylistPosition,$LOCALIZE[554] , / ]$INFO[MusicPlayer.PlaylistLength]</label>
						<visible>Integer.IsGreater(MusicPlayer.PlaylistLength,0)</visible>
					</control>
				</control>
				<!-- Bottom label section -->
				<control type="grouplist" id="99">
					<visible>!Window.IsVisible(musicosd)</visible>
					<orientation>horizontal</orientation>
					<height>50</height>
					<bottom>30</bottom>
					<left>309</left>
					<right>20</right>
					<itemgap>0</itemgap>
					<include>PlayerBottomLabels</include>
				</control>
				<!-- Volume -->
				<include>PlayerOSDVolume</include>
			</control>
		</control>
	</controls>
</window>
