<?xml version="1.0" encoding="utf-8"?>
<window>
	<defaultcontrol always="true">100</defaultcontrol>
	<include>PropertyIncludes</include>
	<onunload>RunScript(script.skinshortcuts,type=buildxml&amp;mainmenuID=100&amp;mode=single&amp;group=mainmenu|moviehub|tvshowhub|musichub|customhub)</onunload>
	<controls>
		<control type="button" id="308">
			<include>HiddenObject</include>
		</control>
		<control type="button" id="305">
			<include>HiddenObject</include>
		</control>
		<control type="button" id="306">
			<include>HiddenObject</include>
		</control>
		<control type="button" id="310">
			<include>HiddenObject</include>
		</control>
		<control type="button" id="311">
			<include>HiddenObject</include>
		</control>
		<control type="button" id="404">
			<include>HiddenObject</include>
		</control>
		<!-- background -->
		<include content="DiffuseMask">
			<param name="color">background_diffuse</param>
		</include>
		<!-- dialog -->
		<control type="grouplist" id="20">>
			<visible>!Window.IsVisible(DialogSelect.xml) + !Window.IsVisible(filebrowser) + !Window.IsVisible(virtualkeyboard) + !Window.IsVisible(DialogConfirm.xml) + !ControlGroup(4000).HasFocus + String.IsEmpty(Window(home).Property(skipAnimation))</visible>
			<include>Dialog_PopupOpenClose</include>
			<include>Visible_PopupOpenClose</include>
			<centertop>50%</centertop>
			<centerleft>50%</centerleft>
			<width>1100</width>
			<height max="940">auto</height>
			<orientation>vertical</orientation>
			<itemgap>20</itemgap>
			<align>center</align>
			<!-- heading -->
			<control type="group">
				<height>50</height>
				<control type="label">
					<height>48</height>
					<font>Reg24</font>
					<aligny>center</aligny>
					<textoffsetx>5</textoffsetx>
					<textcolor>text_headline</textcolor>
					<label>$VAR[SkinshortcutsGroup]</label>
				</control>
				<include>GreenBar</include>
			</control>
			<!-- list -->
			<control type="group">
				<height>770</height>
				<control type="image">
					<height>770</height>
					<texture colordiffuse="panel_background">common/white.jpg</texture>
					<aspectratio>stretch</aspectratio>
				</control>
				<control type="list" id="211">
					<centerleft>50%</centerleft>
					<top>10</top>
					<height>750</height>
					<onup>6666</onup>
					<onleft>900</onleft>
					<onright>303</onright>
					<ondown>200</ondown>
					<pagecontrol>60</pagecontrol>
					<scrolltime>200</scrolltime>
					<itemlayout height="75" width="1100">
						<control type="image">
							<height>75</height>
							<width>75</width>
							<left>15</left>
							<bordersize>5</bordersize>
							<aspectratio>keep</aspectratio>
							<texture background="true">$INFO[ListItem.Icon]</texture>
							<visible>!String.StartsWith(ListItem.Icon,Default)</visible>
						</control>
						<control type="image">
							<height>75</height>
							<width>75</width>
							<left>15</left>
							<bordersize>5</bordersize>
							<aspectratio>keep</aspectratio>
							<texture>$VAR[SkinshortcutsIcon]</texture>
							<visible>String.StartsWith(ListItem.Icon,Default) | String.IsEmpty(ListItem.Icon)</visible>
						</control>
						<control type="label">
							<right>420</right>
							<left>105</left>
							<height>75</height>
							<aligny>center</aligny>
							<font>Reg24</font>
							<textcolor>panel_textcolor</textcolor>
							<label>$VAR[SkinshortcutsLabel]</label>
							<visible>!String.IsEqual(ListItem.Property(skinshortcuts-disabled),True)</visible>
						</control>
						<control type="label">
							<right>420</right>
							<left>105</left>
							<height>75</height>
							<aligny>center</aligny>
							<font>Reg24</font>
							<textcolor>disabled</textcolor>
							<label>$VAR[SkinshortcutsLabel]</label>
							<visible>String.IsEqual(ListItem.Property(skinshortcuts-disabled),True)</visible>
						</control>
					</itemlayout>
					<focusedlayout height="75" width="1100">
						<control type="image">
							<width>100%</width>
							<height>75</height>
							<texture colordiffuse="panel_focus">common/white.jpg</texture>
							<visible>ControlGroup(100).HasFocus</visible>
						</control>
						<control type="image">
							<height>75</height>
							<width>75</width>
							<left>15</left>
							<bordersize>5</bordersize>
							<aspectratio>keep</aspectratio>
							<texture background="true">$INFO[ListItem.Icon]</texture>
							<visible>!String.StartsWith(ListItem.Icon,Default)</visible>
						</control>
						<control type="image">
							<height>75</height>
							<width>75</width>
							<left>15</left>
							<bordersize>5</bordersize>
							<aspectratio>keep</aspectratio>
							<texture>$VAR[SkinshortcutsIcon]</texture>
							<visible>String.StartsWith(ListItem.Icon,Default) | String.IsEmpty(ListItem.Icon)</visible>
						</control>
						<control type="label">
							<right>420</right>
							<left>105</left>
							<height>75</height>
							<aligny>center</aligny>
							<font>Reg24</font>
							<textcolor>panel_textcolor</textcolor>
							<label>$VAR[SkinshortcutsLabel]</label>
							<visible>!String.IsEqual(ListItem.Property(skinshortcuts-disabled),True)</visible>
						</control>
						<control type="label">
							<right>420</right>
							<left>105</left>
							<height>75</height>
							<aligny>center</aligny>
							<font>Reg24</font>
							<textcolor>disabled</textcolor>
							<label>$VAR[SkinshortcutsLabel]</label>
							<visible>String.IsEqual(ListItem.Property(skinshortcuts-disabled),True)</visible>
						</control>
					</focusedlayout>
				</control>
				<control type="scrollbar" id="60">
					<right>0</right>
					<top>0</top>
					<bottom>0</bottom>
					<width>4</width>
					<orientation>vertical</orientation>
					<showonepage>false</showonepage>
					<texturesliderbackground colordiffuse="00ffffff">common/white.jpg</texturesliderbackground>
					<texturesliderbar colordiffuse="scrollbar_slider">common/white.jpg</texturesliderbar>
				</control>
				<control type="grouplist" id="100">
					<visible allowhiddenfocus="true">ControlGroup(100).HasFocus</visible>
					<animation effect="slide" end="0,75" time="0" reversible="false" condition="Container(211).Position(1)">Conditional</animation>
					<animation effect="slide" end="0,150" time="0" reversible="false" condition="Container(211).Position(2)">Conditional</animation>
					<animation effect="slide" end="0,225" time="0" reversible="false" condition="Container(211).Position(3)">Conditional</animation>
					<animation effect="slide" end="0,300" time="0" reversible="false" condition="Container(211).Position(4)">Conditional</animation>
					<animation effect="slide" end="0,375" time="0" reversible="false" condition="Container(211).Position(5)">Conditional</animation>
					<animation effect="slide" end="0,450" time="0" reversible="false" condition="Container(211).Position(6)">Conditional</animation>
					<animation effect="slide" end="0,525" time="0" reversible="false" condition="Container(211).Position(7)">Conditional</animation>
					<animation effect="slide" end="0,600" time="0" reversible="false" condition="Container(211).Position(8)">Conditional</animation>
					<animation effect="slide" end="0,675" time="0" reversible="false" condition="Container(211).Position(9)">Conditional</animation>
					<top>10</top>
					<right>10</right>
					<width>400</width>
					<height>75</height>
					<align>right</align>
					<onleft>200</onleft>
					<onright>200</onright>
					<orientation>horizontal</orientation>
					<!-- Move up -->
					<control type="button" id="303">
						<height>75</height>
						<width>50</width>
						<font>Material26</font>
						<textcolor>white</textcolor>
						<focusedcolor>$VAR[AccentColor]</focusedcolor>
						<selectedcolor>white</selectedcolor>
						<label></label>
						<include>NoTextures</include>
						<textoffsetx>0</textoffsetx>
						<onup condition="!String.IsEmpty(Container(211).ListItemNoWrap(-1).Label)">Control.Move(211,-1)</onup>
						<ondown condition="!String.IsEmpty(Container(211).ListItemNoWrap(1).Label)">Control.Move(211,1)</ondown>
						<ondown condition="String.IsEmpty(Container(211).ListItemNoWrap(1).Label)">200</ondown>
						<visible>!String.IsEmpty(Container(211).ListItemNoWrap(-1).Label)</visible>
					</control>
					<!-- Move down -->
					<control type="button" id="304">
						<height>75</height>
						<width>50</width>
						<font>Material26</font>
						<textcolor>white</textcolor>
						<focusedcolor>$VAR[AccentColor]</focusedcolor>
						<selectedcolor>white</selectedcolor>
						<label></label>
						<include>NoTextures</include>
						<textoffsetx>0</textoffsetx>
						<onup condition="!String.IsEmpty(Container(211).ListItemNoWrap(-1).Label)">Control.Move(211,-1)</onup>
						<ondown condition="!String.IsEmpty(Container(211).ListItemNoWrap(1).Label)">Control.Move(211,1)</ondown>
						<ondown condition="String.IsEmpty(Container(211).ListItemNoWrap(1).Label)">200</ondown>
						<visible>!String.IsEmpty(Container(211).ListItemNoWrap(1).Label)</visible>
					</control>
					<!-- Rename -->
					<control type="button" id="102">
						<height>75</height>
						<width>50</width>
						<font>Material26</font>
						<textcolor>white</textcolor>
						<focusedcolor>$VAR[AccentColor]</focusedcolor>
						<selectedcolor>white</selectedcolor>
						<label></label>
						<include>NoTextures</include>
						<textoffsetx>0</textoffsetx>
						<onup condition="!String.IsEmpty(Container(211).ListItemNoWrap(-1).Label)">Control.Move(211,-1)</onup>
						<ondown condition="!String.IsEmpty(Container(211).ListItemNoWrap(1).Label)">Control.Move(211,1)</ondown>
						<ondown condition="String.IsEmpty(Container(211).ListItemNoWrap(1).Label)">200</ondown>
						<onclick condition="String.IsEmpty(Container(211).ListItem.Property(hasVARLabel.type))">SendClick(305)</onclick>
						<onclick condition="!String.IsEmpty(Container(211).ListItem.Property(hasVARLabel.type))">SetProperty(ShowLabelNotification,1,home)</onclick>
						<onclick condition="String.IsEqual(Container(211).ListItem.Property(hasVARLabel.type),allmovies)">Skin.SetString(MovieHubHeadline)</onclick>
						<onclick condition="String.IsEqual(Container(211).ListItem.Property(hasVARLabel.type),allshows)">Skin.SetString(TVShowHubHeadline)</onclick>
						<onclick condition="String.IsEqual(Container(211).ListItem.Property(hasVARLabel.type),customhub)">Skin.SetString(CustomHubHeadline)</onclick>
						<visible>!String.StartsWith(Container(211).ListItem.Property(defaultID),embuary_emby)</visible>
						<visible>!String.StartsWith(Container(211).ListItem.Property(defaultID),embuary_musichub_partymode)</visible>
						<visible>!String.IsEqual(Container(211).ListItem.Property(path),noop)</visible>
					</control>
					<!-- Path -->
					<control type="button" id="401">
						<height>75</height>
						<width>50</width>
						<font>Material26</font>
						<textcolor>white</textcolor>
						<focusedcolor>$VAR[AccentColor]</focusedcolor>
						<selectedcolor>white</selectedcolor>
						<label></label>
						<include>NoTextures</include>
						<textoffsetx>0</textoffsetx>
						<onup condition="!String.IsEmpty(Container(211).ListItemNoWrap(-1).Label)">Control.Move(211,-1)</onup>
						<ondown condition="!String.IsEmpty(Container(211).ListItemNoWrap(1).Label)">Control.Move(211,1)</ondown>
						<ondown condition="String.IsEmpty(Container(211).ListItemNoWrap(1).Label)">200</ondown>
						<visible>String.IsEmpty(Container(211).ListItem.Property(isDefault)) + String.IsEqual(Container(211).ListItem.Property(path),noop)</visible>
					</control>
					<!-- Path extended-->
					<control type="button" id="307">
						<height>75</height>
						<width>50</width>
						<font>Material26</font>
						<textcolor>white</textcolor>
						<focusedcolor>$VAR[AccentColor]</focusedcolor>
						<selectedcolor>white</selectedcolor>
						<label></label>
						<include>NoTextures</include>
						<textoffsetx>0</textoffsetx>
						<onup condition="!String.IsEmpty(Container(211).ListItemNoWrap(-1).Label)">Control.Move(211,-1)</onup>
						<ondown condition="!String.IsEmpty(Container(211).ListItemNoWrap(1).Label)">Control.Move(211,1)</ondown>
						<ondown condition="String.IsEmpty(Container(211).ListItemNoWrap(1).Label)">200</ondown>
						<visible>String.IsEmpty(Container(211).ListItem.Property(isDefault)) + !String.IsEqual(Container(211).ListItem.Property(path),noop)</visible>
					</control>
					<!-- Thumb -->
					<control type="button" id="101">
						<height>75</height>
						<width>50</width>
						<font>Material26</font>
						<textcolor>white</textcolor>
						<focusedcolor>$VAR[AccentColor]</focusedcolor>
						<selectedcolor>white</selectedcolor>
						<label></label>
						<include>NoTextures</include>
						<textoffsetx>0</textoffsetx>
						<onclick>SetFocus(4000)</onclick>
						<onup condition="!String.IsEmpty(Container(211).ListItemNoWrap(-1).Label)">Control.Move(211,-1)</onup>
						<ondown condition="!String.IsEmpty(Container(211).ListItemNoWrap(1).Label)">Control.Move(211,1)</ondown>
						<ondown condition="String.IsEmpty(Container(211).ListItemNoWrap(1).Label)">200</ondown>
						<visible>String.IsEqual(Window.Property(groupname),mainmenu)</visible>
						<visible>!String.IsEqual(Container(211).ListItem.Property(path),noop)</visible>
					</control>
					<!-- Hide -->
					<control type="button" id="313">
						<height>75</height>
						<width>50</width>
						<font>Material26</font>
						<textcolor>white</textcolor>
						<focusedcolor>$VAR[AccentColor]</focusedcolor>
						<selectedcolor>white</selectedcolor>
						<label>$VAR[SkinshortcutsHideIcon]</label>
						<include>NoTextures</include>
						<textoffsetx>0</textoffsetx>
						<onup condition="!String.IsEmpty(Container(211).ListItemNoWrap(-1).Label)">Control.Move(211,-1)</onup>
						<ondown condition="!String.IsEmpty(Container(211).ListItemNoWrap(1).Label)">Control.Move(211,1)</ondown>
						<ondown condition="String.IsEmpty(Container(211).ListItemNoWrap(1).Label)">200</ondown>
						<visible>!String.IsEqual(Container(211).ListItem.Property(path),noop)</visible>
					</control>
					<!-- Delete -->
					<control type="button" id="302">
						<height>75</height>
						<width>50</width>
						<font>Material26</font>
						<textcolor>white</textcolor>
						<focusedcolor>$VAR[AccentColor]</focusedcolor>
						<selectedcolor>white</selectedcolor>
						<label></label>
						<include>NoTextures</include>
						<textoffsetx>0</textoffsetx>
						<onup condition="!String.IsEmpty(Container(211).ListItemNoWrap(-1).Label)">Control.Move(211,-1)</onup>
						<ondown condition="!String.IsEmpty(Container(211).ListItemNoWrap(1).Label)">Control.Move(211,1)</ondown>
						<ondown condition="String.IsEmpty(Container(211).ListItemNoWrap(1).Label)">200</ondown>
						<visible>String.IsEmpty(Container(211).ListItem.Property(isDefault))</visible>
					</control>
					<!-- Add -->
					<control type="button" id="301">
						<height>75</height>
						<width>50</width>
						<font>Material26</font>
						<textcolor>white</textcolor>
						<focusedcolor>$VAR[AccentColor]</focusedcolor>
						<selectedcolor>white</selectedcolor>
						<label></label>
						<include>NoTextures</include>
						<textoffsetx>0</textoffsetx>
						<onup condition="!String.IsEmpty(Container(211).ListItemNoWrap(-1).Label)">Control.Move(211,-1)</onup>
						<ondown condition="!String.IsEmpty(Container(211).ListItemNoWrap(1).Label)">Control.Move(211,1)</ondown>
						<ondown condition="String.IsEmpty(Container(211).ListItemNoWrap(1).Label)">200</ondown>
					</control>
				</control>
			</control>
			<!-- Button -->
			<control type="grouplist" id="200">
				<height>50</height>
				<width>100%</width>
				<orientation>horizontal</orientation>
				<itemgap>5</itemgap>
				<align>center</align>
				<onright>noop</onright>
				<onleft>noop</onleft>
				<control type="button" id="201">
					<include>DarkGreyButton</include>
					<label>$LOCALIZE[14070]</label>
					<onclick>close</onclick>
					<onup>SetFocus(100)</onup>
				</control>
				<control type="button" id="202">
					<include>DarkGreyButton</include>
					<label>$LOCALIZE[31204]</label>
					<onclick>SendClick(308)</onclick>
					<onclick>Skin.Reset(MovieHubHeadline)</onclick>
					<onclick>Skin.Reset(TVShowHubHeadline)</onclick>
					<onclick>Skin.Reset(CustomHubHeadline)</onclick>
					<onclick>close</onclick>
					<onclick>AlarmClock(restoremenu2,Notification(Embuary,$LOCALIZE[31207]),00:01,silent)</onclick>
					<onup>SetFocus(100)</onup>
				</control>
			</control>
		</control>
		<!-- artwork control -->
		<control type="group">
			<include>FullscreenDimensions</include>
			<include content="DiffuseMask">
				<param name="visible">ControlGroup(4000).HasFocus</param>
			</include>
			<control type="group">
				<visible>ControlGroup(4000).HasFocus</visible>
				<include>Visible_PopupOpenClose</include>
				<centerleft>50%</centerleft>
				<width>750</width>
				<centertop>50%</centertop>
				<height>982</height>
				<control type="grouplist" id="4000">
					<orientation>vertical</orientation>
					<height>auto</height>
					<align>center</align>
					<itemgap>0</itemgap>
					<onright>100</onright>
					<onleft>100</onleft>
					<onback>100</onback>
					<usecontrolcoords>true</usecontrolcoords>
					<control type="image" id="4001">
						<width>100%</width>
						<height>61</height>
						<texture border="65,0,65,0" colordiffuse="context_color">dialogs/context/top.png</texture>
					</control>
					<control type="button">
						<enable>false</enable>
						<include content="ContextButton"/>
						<label>$LOCALIZE[31206]</label>
					</control>
					<control type="button" id="4002">
						<include content="ContextButton"/>
						<label>$LOCALIZE[31306]</label>
						<onclick>SetProperty(skipAnimation,1,home)</onclick>
						<onclick>AlarmClock(clearSuppressAnimation,ClearProperty(skipAnimation,home),00:01,silent)</onclick>
						<onclick>SetFocus(100)</onclick>
						<onclick>SendClick(311)</onclick>
					</control>
					<control type="button" id="4003">
						<include content="ContextButton"/>
						<label>$LOCALIZE[31308]</label>
						<label2>[COLOR $VAR[AccentColor]]$VAR[SkinShortcutsIconAR][/COLOR]</label2>
						<onclick condition="String.IsEqual(Container(211).ListItem.property(aspectRatio),keep)">SetProperty(customProperty,aspectRatio)</onclick>
						<onclick condition="String.IsEqual(Container(211).ListItem.property(aspectRatio),keep)">SetProperty(customValue,stretch)</onclick>
						<onclick condition="String.IsEqual(Container(211).ListItem.property(aspectRatio),keep)">SendClick(404)</onclick>
						<onclick condition="String.IsEqual(Container(211).ListItem.property(aspectRatio),stretch)">SetProperty(customProperty,aspectRatio)</onclick>
						<onclick condition="String.IsEqual(Container(211).ListItem.property(aspectRatio),stretch)">SetProperty(customValue,scale)</onclick>
						<onclick condition="String.IsEqual(Container(211).ListItem.property(aspectRatio),stretch)">SendClick(404)</onclick>
						<onclick condition="String.IsEqual(Container(211).ListItem.property(aspectRatio),scale)">SetProperty(customProperty,aspectRatio)</onclick>
						<onclick condition="String.IsEqual(Container(211).ListItem.property(aspectRatio),scale)">SetProperty(customValue,keep)</onclick>
						<onclick condition="String.IsEqual(Container(211).ListItem.property(aspectRatio),scale)">SendClick(404)</onclick>
					</control>
					<control type="radiobutton" id="4004">
						<include content="ContextButton"/>
						<label>$LOCALIZE[31257]</label>
						<onclick condition="String.IsEqual(Container(211).ListItem.property(useFakeArt),true)">SetProperty(customProperty,useFakeArt)</onclick>
						<onclick condition="String.IsEqual(Container(211).ListItem.property(useFakeArt),true)">SetProperty(customValue,false)</onclick>
						<onclick condition="String.IsEqual(Container(211).ListItem.property(useFakeArt),true)">SendClick(404)</onclick>
						<onclick condition="!String.IsEqual(Container(211).ListItem.property(useFakeArt),true)">SetProperty(customProperty,useFakeArt)</onclick>
						<onclick condition="!String.IsEqual(Container(211).ListItem.property(useFakeArt),true)">SetProperty(customValue,true)</onclick>
						<onclick condition="!String.IsEqual(Container(211).ListItem.property(useFakeArt),true)">SendClick(404)</onclick>
						<selected>String.IsEqual(Container(211).ListItem.property(useFakeArt),true)</selected>
						<visible>!String.StartsWith(Container(211).ListItem.Property(defaultID),embuary_emby) + !String.IsEqual(Container(211).ListItem.Property(list),-)</visible>
					</control>
					<control type="image" id="4004">
						<width>100%</width>
						<height>61</height>
						<texture border="65,0,65,0" colordiffuse="context_color">dialogs/context/bottom.png</texture>
					</control>
				</control>
			</control>
		</control>
	</controls>
</window>
