<?xml version='1.0' encoding='UTF-8'?>
<shortcuts>
	<shortcut>
		<defaultID>31531</defaultID>
		<label>$INFO[Player.Title]</label>
		<label2>Action</label2>
		<icon>DefaultShortcut.png</icon>
		<thumb />
		<action>action(FullScreen)</action>
		<visible>Player.HasAudio</visible>
	</shortcut>
	<shortcut>
		<defaultID>244</defaultID>
		<label>$INFO[Player.Title]</label>
		<label2>Action</label2>
		<icon>DefaultShortcut.png</icon>
		<thumb />
		<action>action(FullScreen)</action>
		<visible>Player.HasVideo</visible>
	</shortcut>

	<shortcut>
		<defaultID>livetv</defaultID>
		<label>32022</label>
		<label2>Common menu item</label2>
		<icon>DefaultShortcut.png</icon>
		<thumb />
		<action>ActivateWindow(TVChannels)</action>
	</shortcut>

	<shortcut>
		<defaultID>plugin.video.netflix</defaultID>
		<label>Netflix</label>
		<label2>Netflix</label2>
		<icon>DefaultShortcut.png</icon>
		<thumb />
		<action>ActivateWindow(Videos,"plugin://plugin.video.netflix",return)</action>
	</shortcut>
	<shortcut>
		<defaultID>plugin.video.youtube</defaultID>
		<label>Youtube</label>
		<label2>Youtube</label2>
		<icon>DefaultShortcut.png</icon>
		<thumb />
		<action>ActivateWindow(Videos,"plugin://plugin.video.youtube",return)</action>
	</shortcut>
	<shortcut>
		<defaultID>1036</defaultID>
		<label>1036</label>
		<label2>Favourites</label2>
		<icon>DefaultShortcut.png</icon>
		<thumb />
		<action>ActivateWindow(Favourites)</action>
	</shortcut>
	<shortcut>
		<defaultID>13000</defaultID>
		<label>13000</label>
		<label2>Common Shortcut</label2>
		<icon>DefaultShortcut.png</icon>
		<thumb />
		<action>ActivateWindow(Settings)</action>
	</shortcut>
</shortcuts>
