<?xml version="1.0" encoding="UTF-8"?>
<colors>
	<!-- <color name="Main">ed263238</color>
	<color name="Accent">ffffffff</color>
	<color name="Text.2">ee16a085</color>
	<color name="Text.3">eeBFC0C0</color>
	<color name="Disabled">ff9a9a9a</color>
	<color name="Attention">eeb71c1c</color> -->
	<color name="Main">ed003554</color>
	<color name="Accent">ffffffff</color>
	<color name="Text.2">ee006494</color>
	<color name="Text.3">ee00a6fb</color>
	<color name="Disabled">ff1f7a8c</color>
	<color name="Attention">eeb71c1c</color>
</colors>
