<?xml version="1.0" encoding="UTF-8"?>
<window>
	<defaultcontrol always="true">50</defaultcontrol>
	<menucontrol>7000</menucontrol>
	<views>50,56</views>
	<controls>

	<!-- Menu trigger -->
		<control type="button" id="5500">
			<onfocus>Control.SetFocus(50)</onfocus>
			<visible allowhiddenfocus="true">false</visible>
		</control>

	<!-- Background -->
		<include content="background_Global">
			<param name="GhostTexture">$VAR[window:Ghost]</param>
		</include>

		<control type="group">
			
			<include>toggle_Menu</include>

		<!-- Window chrome -->
			<control type="group">
				<include>transition_Chrome</include>
				<include content="global_WindowChrome">
					<param name="Title">$VAR[window:Title.Media]</param>
				</include>
			</control>
				
		<!-- View includes -->
			<control type="group">
				<include>transition_Content</include>

				<!-- List -->
				<control type="group">
					<visible>Control.IsVisible(50)</visible>
					<include>transition_ViewChange</include>
					<include>view_List</include>
					<include content="info_List">
						<param name="Visible">Container.Content(artists)</param>
					</include>
					<include content="info_List">
						<param name="Art">$VAR[art:Landscape]</param>
						<param name="Visible">!String.IsEmpty(Container.Content)</param>
					</include>
				</control>

				<!-- Thumbnails -->
				<control type="group">
					<visible>Control.IsVisible(56)</visible>
					<include>transition_ViewChange</include>
					<include content="view_Thumbnails">
						<param name="ID">56</param>
						<param name="ViewTypeLabel">$LOCALIZE[536]</param>
						<param name="ShowInfo">false</param>
						<param name="Art">$VAR[art:Square]</param>
						<param name="ArtWidth">332.8</param>
						<param name="ArtHeight">332.8</param>
						<param name="ItemWidth">332.8</param>
						<param name="ItemHeight">384</param>
						<param name="TextWidth">284.8</param>
						<param name="Fallback">views/fallback/square.png</param>
						<param name="ShowOverlay">!String.IsEmpty(ListItem.Art(icon))</param>
						<param name="ShowFallback">ListItem.IsParentFolder | String.IsEmpty(ListItem.Art(icon))</param>
						<param name="ShowIconLabel">true</param>
					</include>
				</control>

			</control>

		<!-- Scrollbar-->
			<include>global_Scrollbar</include>
		
		</control>

	<!-- Menu -->
		<include>menu_Options</include>

	</controls>
</window>