<?xml version='1.0' encoding='UTF-8'?>
<includes>
	<include name="skinshortcuts-mainmenu">
		<item id="1">
			<property name="id">$NUMBER[1]</property>
			<label>$INFO[Player.Title]</label>
			<label2>Action</label2>
			<icon>DefaultShortcut.png</icon>
			<thumb />
			<property name="labelID">info-player-title</property>
			<property name="defaultID">31531</property>
			<property name="icon">DefaultShortcut.png</property>
			<property name="widgetLayout">wide</property>
			<property name="widgetArt">fanart</property>
			<property name="homeSymbol"></property>
			<visible>Player.HasAudio</visible>
			<onclick condition="true">SetProperty(FocusPos,$INFO[Container(9000).Position],home)</onclick>
			<onclick>action(FullScreen)</onclick>
			<property name="path">action(FullScreen)</property>
			<property name="list">action(FullScreen)</property>
			<visible>String.IsEqual(System.ProfileName,Master user)</visible>
			<property name="submenuVisibility">info-player-title</property>
			<property name="group">mainmenu</property>
			<property name="hasSubmenu">False</property>
		</item>
		<item id="2">
			<property name="id">$NUMBER[2]</property>
			<label>$INFO[Player.Title]</label>
			<label2>Action</label2>
			<icon>DefaultShortcut.png</icon>
			<thumb />
			<property name="labelID">info-player-title--0</property>
			<property name="defaultID">244</property>
			<property name="widgetLayout">wide</property>
			<property name="widgetArt">fanart</property>
			<property name="homeSymbol"></property>
			<visible>Player.HasVideo</visible>
			<onclick condition="true">SetProperty(FocusPos,$INFO[Container(9000).Position],home)</onclick>
			<onclick>action(FullScreen)</onclick>
			<property name="path">action(FullScreen)</property>
			<property name="list">action(FullScreen)</property>
			<visible>String.IsEqual(System.ProfileName,Master user)</visible>
			<property name="submenuVisibility">info-player-title-0</property>
			<property name="group">mainmenu</property>
			<property name="hasSubmenu">False</property>
		</item>
		<item id="3">
			<property name="id">$NUMBER[3]</property>
			<label>$ADDON[script.skinshortcuts 32022]</label>
			<label2>Common menu item</label2>
			<icon>DefaultShortcut.png</icon>
			<thumb />
			<property name="labelID">livetv</property>
			<property name="defaultID">livetv</property>
			<property name="homeSymbol"></property>
			<property name="widgetLayout">wide</property>
			<property name="widgetArt">fanart</property>
			<visible>System.HasPVRAddon</visible>
			<onclick condition="true">SetProperty(FocusPos,$INFO[Container(9000).Position],home)</onclick>
			<onclick>ActivateWindow(TVChannels)</onclick>
			<property name="path">ActivateWindow(TVChannels)</property>
			<property name="list">TVChannels</property>
			<visible>String.IsEqual(System.ProfileName,Master user)</visible>
			<property name="submenuVisibility">livetv</property>
			<property name="group">mainmenu</property>
			<property name="hasSubmenu">True</property>
		</item>
		<item id="4">
			<property name="id">$NUMBER[4]</property>
			<label>Netflix</label>
			<label2>Video Add-On</label2>
			<icon>DefaultShortcut.png</icon>
			<thumb>image://%2fstorage%2f.kodi%2faddons%2fplugin.video.netflix%2fresources%2ficon.png/</thumb>
			<property name="labelID">plugin.video.netflix</property>
			<property name="defaultID">plugin.video.netflix</property>
			<property name="translatedPath">ActivateWindow(Videos,"plugin://plugin.video.netflix",return)</property>
			<property name="widgetLayout">wide</property>
			<property name="widgetArt">fanart</property>
			<property name="homeSymbol"></property>
			<onclick condition="true">SetProperty(FocusPos,$INFO[Container(9000).Position],home)</onclick>
			<onclick>ActivateWindow(Videos,"plugin://plugin.video.netflix",return)</onclick>
			<property name="path">ActivateWindow(Videos,"plugin://plugin.video.netflix",return)</property>
			<property name="list">plugin://plugin.video.netflix</property>
			<visible>String.IsEqual(System.ProfileName,Master user)</visible>
			<property name="submenuVisibility">plugin-video-netflix</property>
			<property name="group">mainmenu</property>
			<property name="hasSubmenu">False</property>
		</item>
		<item id="5">
			<property name="id">$NUMBER[5]</property>
			<label>YouTube</label>
			<label2>Video Add-On</label2>
			<icon>DefaultShortcut.png</icon>
			<thumb>image://%2fstorage%2f.kodi%2faddons%2fplugin.video.youtube%2ficon.png/</thumb>
			<property name="labelID">plugin.video.youtube</property>
			<property name="defaultID">plugin.video.youtube</property>
			<property name="translatedPath">ActivateWindow(Videos,"plugin://plugin.video.youtube",return)</property>
			<property name="widgetLayout">wide</property>
			<property name="widgetArt">fanart</property>
			<property name="homeSymbol"></property>
			<onclick condition="true">SetProperty(FocusPos,$INFO[Container(9000).Position],home)</onclick>
			<onclick>ActivateWindow(Videos,"plugin://plugin.video.youtube",return)</onclick>
			<property name="path">ActivateWindow(Videos,"plugin://plugin.video.youtube",return)</property>
			<property name="list">plugin://plugin.video.youtube</property>
			<visible>String.IsEqual(System.ProfileName,Master user)</visible>
			<property name="submenuVisibility">plugin-video-youtube</property>
			<property name="group">mainmenu</property>
			<property name="hasSubmenu">False</property>
		</item>
		<item id="6">
			<property name="id">$NUMBER[6]</property>
			<label>$LOCALIZE[1036]</label>
			<label2>Favourites</label2>
			<icon>DefaultShortcut.png</icon>
			<thumb />
			<property name="labelID">1036</property>
			<property name="defaultID">1036</property>
			<property name="homeSymbol"></property>
			<property name="widgetLayout">wide</property>
			<property name="widgetArt">fanart</property>
			<onclick condition="true">SetProperty(FocusPos,$INFO[Container(9000).Position],home)</onclick>
			<onclick>ActivateWindow(Favourites)</onclick>
			<property name="path">ActivateWindow(Favourites)</property>
			<property name="list">Favourites</property>
			<visible>String.IsEqual(System.ProfileName,Master user)</visible>
			<property name="submenuVisibility">num-1036</property>
			<property name="group">mainmenu</property>
			<property name="hasSubmenu">False</property>
		</item>
		<item id="7">
			<property name="id">$NUMBER[7]</property>
			<label>$LOCALIZE[13000]</label>
			<label2>Common Shortcut</label2>
			<icon>DefaultShortcut.png</icon>
			<thumb />
			<property name="labelID">13000</property>
			<property name="defaultID">13000</property>
			<property name="homeSymbol"></property>
			<property name="widgetLayout">wide</property>
			<property name="widgetArt">fanart</property>
			<onclick condition="true">SetProperty(FocusPos,$INFO[Container(9000).Position],home)</onclick>
			<onclick>ActivateWindow(Settings)</onclick>
			<property name="path">ActivateWindow(Settings)</property>
			<property name="list">Settings</property>
			<visible>String.IsEqual(System.ProfileName,Master user)</visible>
			<property name="submenuVisibility">num-13000</property>
			<property name="group">mainmenu</property>
			<property name="hasSubmenu">False</property>
		</item>
	</include>
	<include />
	<include name="skinshortcuts-submenu">
		<item id="1">
			<property name="id">$NUMBER[1]</property>
			<property name="mainmenuid">3</property>
			<label>$LOCALIZE[22020]</label>
			<label2>$ADDON[script.skinshortcuts 32017]</label2>
			<icon>DefaultShortcut.png</icon>
			<thumb />
			<property name="labelID">22020</property>
			<property name="defaultID">22020</property>
			<visible>[System.HasPVRAddon] + String.IsEqual(Container(9000).ListItem.Property(submenuVisibility),livetv)</visible>
			<onclick>ActivateWindow(TVGuide)</onclick>
			<property name="path">ActivateWindow(TVGuide)</property>
			<property name="list">TVGuide</property>
			<visible>String.IsEqual(System.ProfileName,Master user)</visible>
			<property name="group">livetv</property>
			<property name="isSubmenu">True</property>
		</item>
		<item id="1">
			<property name="id">$NUMBER[1]</property>
			<property name="mainmenuid">8</property>
			<label>$LOCALIZE[1036]</label>
			<label2>Common menu item</label2>
			<icon>DefaultShortcut.png</icon>
			<thumb />
			<property name="labelID">1036</property>
			<property name="defaultID">1036</property>
			<onclick>ActivateWindow(Favourites)</onclick>
			<property name="path">ActivateWindow(Favourites)</property>
			<property name="list">Favourites</property>
			<visible>[String.IsEqual(System.ProfileName,Master user)] + String.IsEqual(Container(9000).ListItem.Property(submenuVisibility),optionsmenu)</visible>
			<property name="group">optionsmenu</property>
			<property name="isSubmenu">True</property>
		</item>
		<item id="2">
			<property name="id">$NUMBER[2]</property>
			<property name="mainmenuid">8</property>
			<label>$LOCALIZE[10004]</label>
			<label2>Settings</label2>
			<icon>DefaultShortcut.png</icon>
			<thumb />
			<property name="labelID">settings</property>
			<property name="defaultID">settings</property>
			<onclick>ActivateWindow(Settings)</onclick>
			<property name="path">ActivateWindow(Settings)</property>
			<property name="list">Settings</property>
			<visible>[String.IsEqual(System.ProfileName,Master user)] + String.IsEqual(Container(9000).ListItem.Property(submenuVisibility),optionsmenu)</visible>
			<property name="group">optionsmenu</property>
			<property name="isSubmenu">True</property>
		</item>
		<item id="3">
			<property name="id">$NUMBER[3]</property>
			<property name="mainmenuid">8</property>
			<label>$ADDON[script.skinshortcuts 32055]</label>
			<label2>Kodi Command</label2>
			<icon>DefaultShortcut.png</icon>
			<thumb />
			<property name="labelID">32055</property>
			<property name="defaultID">32055</property>
			<onclick>CleanLibrary(video,true)</onclick>
			<property name="path">CleanLibrary(video,true)</property>
			<property name="list">CleanLibrary(video,true)</property>
			<visible>[String.IsEqual(System.ProfileName,Master user)] + String.IsEqual(Container(9000).ListItem.Property(submenuVisibility),optionsmenu)</visible>
			<property name="group">optionsmenu</property>
			<property name="isSubmenu">True</property>
		</item>
		<item id="4">
			<property name="id">$NUMBER[4]</property>
			<property name="mainmenuid">8</property>
			<label>$ADDON[script.skinshortcuts 32056]</label>
			<label2>Kodi Command</label2>
			<icon>DefaultShortcut.png</icon>
			<thumb />
			<property name="labelID">32056</property>
			<property name="defaultID">32056</property>
			<onclick>CleanLibrary(music,true)</onclick>
			<property name="path">CleanLibrary(music,true)</property>
			<property name="list">CleanLibrary(music,true)</property>
			<visible>[String.IsEqual(System.ProfileName,Master user)] + String.IsEqual(Container(9000).ListItem.Property(submenuVisibility),optionsmenu)</visible>
			<property name="group">optionsmenu</property>
			<property name="isSubmenu">True</property>
		</item>
	</include>
	<include name="skinshortcuts-allmenus">
		<item id="1">
			<property name="id">$NUMBER[1]</property>
			<label>$INFO[Player.Title]</label>
			<label2>Action</label2>
			<icon>DefaultShortcut.png</icon>
			<thumb />
			<property name="labelID">info-player-title</property>
			<property name="defaultID">31531</property>
			<property name="icon">DefaultShortcut.png</property>
			<property name="widgetLayout">wide</property>
			<property name="widgetArt">fanart</property>
			<property name="homeSymbol"></property>
			<visible>Player.HasAudio</visible>
			<onclick condition="true">SetProperty(FocusPos,$INFO[Container(9000).Position],home)</onclick>
			<onclick>action(FullScreen)</onclick>
			<property name="path">action(FullScreen)</property>
			<property name="list">action(FullScreen)</property>
			<visible>String.IsEqual(System.ProfileName,Master user)</visible>
			<property name="submenuVisibility">info-player-title</property>
			<property name="group">mainmenu</property>
			<property name="hasSubmenu">False</property>
		</item>
		<item id="2">
			<property name="id">$NUMBER[2]</property>
			<label>$INFO[Player.Title]</label>
			<label2>Action</label2>
			<icon>DefaultShortcut.png</icon>
			<thumb />
			<property name="labelID">info-player-title--0</property>
			<property name="defaultID">244</property>
			<property name="widgetLayout">wide</property>
			<property name="widgetArt">fanart</property>
			<property name="homeSymbol"></property>
			<visible>Player.HasVideo</visible>
			<onclick condition="true">SetProperty(FocusPos,$INFO[Container(9000).Position],home)</onclick>
			<onclick>action(FullScreen)</onclick>
			<property name="path">action(FullScreen)</property>
			<property name="list">action(FullScreen)</property>
			<visible>String.IsEqual(System.ProfileName,Master user)</visible>
			<property name="submenuVisibility">info-player-title-0</property>
			<property name="group">mainmenu</property>
			<property name="hasSubmenu">False</property>
		</item>
		<item id="3">
			<property name="id">$NUMBER[3]</property>
			<label>$ADDON[script.skinshortcuts 32022]</label>
			<label2>Common menu item</label2>
			<icon>DefaultShortcut.png</icon>
			<thumb />
			<property name="labelID">livetv</property>
			<property name="defaultID">livetv</property>
			<property name="homeSymbol"></property>
			<property name="widgetLayout">wide</property>
			<property name="widgetArt">fanart</property>
			<visible>System.HasPVRAddon</visible>
			<onclick condition="String.IsEqual(Window(10000).Property(submenuVisibility),livetv) + [true]">SetProperty(FocusPos,$INFO[Container(9000).Position],home)</onclick>
			<onclick condition="String.IsEqual(Window(10000).Property(submenuVisibility),livetv)">ActivateWindow(TVChannels)</onclick>
			<property name="path">ActivateWindow(TVChannels)</property>
			<property name="list">TVChannels</property>
			<visible>String.IsEqual(System.ProfileName,Master user)</visible>
			<property name="submenuVisibility">livetv</property>
			<property name="group">mainmenu</property>
			<property name="hasSubmenu">True</property>
			<onclick condition="String.IsEqual(Window(10000).Property(submenuVisibility),livetv) + [true]">SetProperty(submenuVisibility,livetv,10000)</onclick>
			<onclick>SetProperty(submenuVisibility,livetv,10000)</onclick>
		</item>
		<item id="1">
			<property name="id">$NUMBER[1]</property>
			<property name="mainmenuid">3</property>
			<label>$LOCALIZE[22020]</label>
			<label2>$ADDON[script.skinshortcuts 32017]</label2>
			<icon>DefaultShortcut.png</icon>
			<thumb />
			<property name="labelID">22020</property>
			<property name="defaultID">22020</property>
			<visible>[System.HasPVRAddon] + String.IsEqual(Window(10000).Property(submenuVisibility),livetv)</visible>
			<onclick>ActivateWindow(TVGuide)</onclick>
			<property name="path">ActivateWindow(TVGuide)</property>
			<property name="list">TVGuide</property>
			<visible>String.IsEqual(System.ProfileName,Master user)</visible>
			<property name="group">livetv</property>
			<property name="isSubmenu">True</property>
			<property name="submenuVisibility">livetv</property>
		</item>
		<item id="4">
			<property name="id">$NUMBER[4]</property>
			<label>Netflix</label>
			<label2>Video Add-On</label2>
			<icon>DefaultShortcut.png</icon>
			<thumb>image://%2fstorage%2f.kodi%2faddons%2fplugin.video.netflix%2fresources%2ficon.png/</thumb>
			<property name="labelID">plugin.video.netflix</property>
			<property name="defaultID">plugin.video.netflix</property>
			<property name="translatedPath">ActivateWindow(Videos,"plugin://plugin.video.netflix",return)</property>
			<property name="widgetLayout">wide</property>
			<property name="widgetArt">fanart</property>
			<property name="homeSymbol"></property>
			<onclick condition="true">SetProperty(FocusPos,$INFO[Container(9000).Position],home)</onclick>
			<onclick>ActivateWindow(Videos,"plugin://plugin.video.netflix",return)</onclick>
			<property name="path">ActivateWindow(Videos,"plugin://plugin.video.netflix",return)</property>
			<property name="list">plugin://plugin.video.netflix</property>
			<visible>String.IsEqual(System.ProfileName,Master user)</visible>
			<property name="submenuVisibility">plugin-video-netflix</property>
			<property name="group">mainmenu</property>
			<property name="hasSubmenu">False</property>
		</item>
		<item id="5">
			<property name="id">$NUMBER[5]</property>
			<label>YouTube</label>
			<label2>Video Add-On</label2>
			<icon>DefaultShortcut.png</icon>
			<thumb>image://%2fstorage%2f.kodi%2faddons%2fplugin.video.youtube%2ficon.png/</thumb>
			<property name="labelID">plugin.video.youtube</property>
			<property name="defaultID">plugin.video.youtube</property>
			<property name="translatedPath">ActivateWindow(Videos,"plugin://plugin.video.youtube",return)</property>
			<property name="widgetLayout">wide</property>
			<property name="widgetArt">fanart</property>
			<property name="homeSymbol"></property>
			<onclick condition="true">SetProperty(FocusPos,$INFO[Container(9000).Position],home)</onclick>
			<onclick>ActivateWindow(Videos,"plugin://plugin.video.youtube",return)</onclick>
			<property name="path">ActivateWindow(Videos,"plugin://plugin.video.youtube",return)</property>
			<property name="list">plugin://plugin.video.youtube</property>
			<visible>String.IsEqual(System.ProfileName,Master user)</visible>
			<property name="submenuVisibility">plugin-video-youtube</property>
			<property name="group">mainmenu</property>
			<property name="hasSubmenu">False</property>
		</item>
		<item id="6">
			<property name="id">$NUMBER[6]</property>
			<label>$LOCALIZE[1036]</label>
			<label2>Favourites</label2>
			<icon>DefaultShortcut.png</icon>
			<thumb />
			<property name="labelID">1036</property>
			<property name="defaultID">1036</property>
			<property name="homeSymbol"></property>
			<property name="widgetLayout">wide</property>
			<property name="widgetArt">fanart</property>
			<onclick condition="true">SetProperty(FocusPos,$INFO[Container(9000).Position],home)</onclick>
			<onclick>ActivateWindow(Favourites)</onclick>
			<property name="path">ActivateWindow(Favourites)</property>
			<property name="list">Favourites</property>
			<visible>String.IsEqual(System.ProfileName,Master user)</visible>
			<property name="submenuVisibility">num-1036</property>
			<property name="group">mainmenu</property>
			<property name="hasSubmenu">False</property>
		</item>
		<item id="7">
			<property name="id">$NUMBER[7]</property>
			<label>$LOCALIZE[13000]</label>
			<label2>Common Shortcut</label2>
			<icon>DefaultShortcut.png</icon>
			<thumb />
			<property name="labelID">13000</property>
			<property name="defaultID">13000</property>
			<property name="homeSymbol"></property>
			<property name="widgetLayout">wide</property>
			<property name="widgetArt">fanart</property>
			<onclick condition="true">SetProperty(FocusPos,$INFO[Container(9000).Position],home)</onclick>
			<onclick>ActivateWindow(Settings)</onclick>
			<property name="path">ActivateWindow(Settings)</property>
			<property name="list">Settings</property>
			<visible>String.IsEqual(System.ProfileName,Master user)</visible>
			<property name="submenuVisibility">num-13000</property>
			<property name="group">mainmenu</property>
			<property name="hasSubmenu">False</property>
		</item>
	</include>
	<include name="skinshortcuts-group-info-player-title">
		<description>No items</description>
	</include>
	<include name="skinshortcuts-group-alt-info-player-title">
		<description>No items</description>
	</include>
	<include name="skinshortcuts-group-info-player-title-0">
		<description>No items</description>
	</include>
	<include name="skinshortcuts-group-alt-info-player-title-0">
		<description>No items</description>
	</include>
	<include name="skinshortcuts-group-livetv">
		<item id="1">
			<property name="id">$NUMBER[1]</property>
			<property name="mainmenuid">3</property>
			<label>$LOCALIZE[22020]</label>
			<label2>$ADDON[script.skinshortcuts 32017]</label2>
			<icon>DefaultShortcut.png</icon>
			<thumb />
			<property name="labelID">22020</property>
			<property name="defaultID">22020</property>
			<visible>System.HasPVRAddon</visible>
			<onclick>ActivateWindow(TVGuide)</onclick>
			<property name="path">ActivateWindow(TVGuide)</property>
			<property name="list">TVGuide</property>
			<visible>String.IsEqual(System.ProfileName,Master user)</visible>
			<property name="group">livetv</property>
			<property name="isSubmenu">True</property>
		</item>
	</include>
	<include name="skinshortcuts-group-alt-livetv">
		<item id="1">
			<property name="id">$NUMBER[1]</property>
			<property name="mainmenuid">3</property>
			<label>$LOCALIZE[22020]</label>
			<label2>$ADDON[script.skinshortcuts 32017]</label2>
			<icon>DefaultShortcut.png</icon>
			<thumb />
			<property name="labelID">22020</property>
			<property name="defaultID">22020</property>
			<visible>[System.HasPVRAddon] + String.IsEqual(Window(10000).Property(submenuVisibility),livetv)</visible>
			<onclick>ActivateWindow(TVGuide)</onclick>
			<property name="path">ActivateWindow(TVGuide)</property>
			<property name="list">TVGuide</property>
			<visible>String.IsEqual(System.ProfileName,Master user)</visible>
			<property name="group">livetv</property>
			<property name="isSubmenu">True</property>
		</item>
	</include>
	<include name="skinshortcuts-group-plugin-video-netflix">
		<description>No items</description>
	</include>
	<include name="skinshortcuts-group-alt-plugin-video-netflix">
		<description>No items</description>
	</include>
	<include name="skinshortcuts-group-plugin-video-youtube">
		<description>No items</description>
	</include>
	<include name="skinshortcuts-group-alt-plugin-video-youtube">
		<description>No items</description>
	</include>
	<include name="skinshortcuts-group-num-1036">
		<description>No items</description>
	</include>
	<include name="skinshortcuts-group-alt-num-1036">
		<description>No items</description>
	</include>
	<include name="skinshortcuts-group-num-13000">
		<description>No items</description>
	</include>
	<include name="skinshortcuts-group-alt-num-13000">
		<description>No items</description>
	</include>
	<include name="skinshortcuts-group-optionsmenu">
		<item id="1">
			<property name="id">$NUMBER[1]</property>
			<property name="mainmenuid">8</property>
			<label>$LOCALIZE[1036]</label>
			<label2>Common menu item</label2>
			<icon>DefaultShortcut.png</icon>
			<thumb />
			<property name="labelID">1036</property>
			<property name="defaultID">1036</property>
			<onclick>ActivateWindow(Favourites)</onclick>
			<property name="path">ActivateWindow(Favourites)</property>
			<property name="list">Favourites</property>
			<visible>String.IsEqual(System.ProfileName,Master user)</visible>
			<property name="group">optionsmenu</property>
			<property name="isSubmenu">True</property>
		</item>
		<item id="2">
			<property name="id">$NUMBER[2]</property>
			<property name="mainmenuid">8</property>
			<label>$LOCALIZE[10004]</label>
			<label2>Settings</label2>
			<icon>DefaultShortcut.png</icon>
			<thumb />
			<property name="labelID">settings</property>
			<property name="defaultID">settings</property>
			<onclick>ActivateWindow(Settings)</onclick>
			<property name="path">ActivateWindow(Settings)</property>
			<property name="list">Settings</property>
			<visible>String.IsEqual(System.ProfileName,Master user)</visible>
			<property name="group">optionsmenu</property>
			<property name="isSubmenu">True</property>
		</item>
		<item id="3">
			<property name="id">$NUMBER[3]</property>
			<property name="mainmenuid">8</property>
			<label>$ADDON[script.skinshortcuts 32055]</label>
			<label2>Kodi Command</label2>
			<icon>DefaultShortcut.png</icon>
			<thumb />
			<property name="labelID">32055</property>
			<property name="defaultID">32055</property>
			<onclick>CleanLibrary(video,true)</onclick>
			<property name="path">CleanLibrary(video,true)</property>
			<property name="list">CleanLibrary(video,true)</property>
			<visible>String.IsEqual(System.ProfileName,Master user)</visible>
			<property name="group">optionsmenu</property>
			<property name="isSubmenu">True</property>
		</item>
		<item id="4">
			<property name="id">$NUMBER[4]</property>
			<property name="mainmenuid">8</property>
			<label>$ADDON[script.skinshortcuts 32056]</label>
			<label2>Kodi Command</label2>
			<icon>DefaultShortcut.png</icon>
			<thumb />
			<property name="labelID">32056</property>
			<property name="defaultID">32056</property>
			<onclick>CleanLibrary(music,true)</onclick>
			<property name="path">CleanLibrary(music,true)</property>
			<property name="list">CleanLibrary(music,true)</property>
			<visible>String.IsEqual(System.ProfileName,Master user)</visible>
			<property name="group">optionsmenu</property>
			<property name="isSubmenu">True</property>
		</item>
	</include>
	<include name="skinshortcuts-group-alt-optionsmenu">
		<item id="1">
			<property name="id">$NUMBER[1]</property>
			<property name="mainmenuid">8</property>
			<label>$LOCALIZE[1036]</label>
			<label2>Common menu item</label2>
			<icon>DefaultShortcut.png</icon>
			<thumb />
			<property name="labelID">1036</property>
			<property name="defaultID">1036</property>
			<onclick>ActivateWindow(Favourites)</onclick>
			<property name="path">ActivateWindow(Favourites)</property>
			<property name="list">Favourites</property>
			<visible>[String.IsEqual(System.ProfileName,Master user)] + String.IsEqual(Window(10000).Property(submenuVisibility),optionsmenu)</visible>
			<property name="group">optionsmenu</property>
			<property name="isSubmenu">True</property>
		</item>
		<item id="2">
			<property name="id">$NUMBER[2]</property>
			<property name="mainmenuid">8</property>
			<label>$LOCALIZE[10004]</label>
			<label2>Settings</label2>
			<icon>DefaultShortcut.png</icon>
			<thumb />
			<property name="labelID">settings</property>
			<property name="defaultID">settings</property>
			<onclick>ActivateWindow(Settings)</onclick>
			<property name="path">ActivateWindow(Settings)</property>
			<property name="list">Settings</property>
			<visible>[String.IsEqual(System.ProfileName,Master user)] + String.IsEqual(Window(10000).Property(submenuVisibility),optionsmenu)</visible>
			<property name="group">optionsmenu</property>
			<property name="isSubmenu">True</property>
		</item>
		<item id="3">
			<property name="id">$NUMBER[3]</property>
			<property name="mainmenuid">8</property>
			<label>$ADDON[script.skinshortcuts 32055]</label>
			<label2>Kodi Command</label2>
			<icon>DefaultShortcut.png</icon>
			<thumb />
			<property name="labelID">32055</property>
			<property name="defaultID">32055</property>
			<onclick>CleanLibrary(video,true)</onclick>
			<property name="path">CleanLibrary(video,true)</property>
			<property name="list">CleanLibrary(video,true)</property>
			<visible>[String.IsEqual(System.ProfileName,Master user)] + String.IsEqual(Window(10000).Property(submenuVisibility),optionsmenu)</visible>
			<property name="group">optionsmenu</property>
			<property name="isSubmenu">True</property>
		</item>
		<item id="4">
			<property name="id">$NUMBER[4]</property>
			<property name="mainmenuid">8</property>
			<label>$ADDON[script.skinshortcuts 32056]</label>
			<label2>Kodi Command</label2>
			<icon>DefaultShortcut.png</icon>
			<thumb />
			<property name="labelID">32056</property>
			<property name="defaultID">32056</property>
			<onclick>CleanLibrary(music,true)</onclick>
			<property name="path">CleanLibrary(music,true)</property>
			<property name="list">CleanLibrary(music,true)</property>
			<visible>[String.IsEqual(System.ProfileName,Master user)] + String.IsEqual(Window(10000).Property(submenuVisibility),optionsmenu)</visible>
			<property name="group">optionsmenu</property>
			<property name="isSubmenu">True</property>
		</item>
	</include>
</includes>
