<?xml version="1.0" encoding="utf-8" standalone="yes"?>
<colors>

	<palette name="Ghost default">
		
		<!--grey-->
		<color name="Dark">ee000000</color>
		<color name="Primary">ee212121</color>
		<color name="Light">ee484848</color>
		<color name="Bright">ee6d6d6d</color>

		<!--blue grey-->
		<color name="Dark">ee101f27</color>
		<color name="Primary">ee37464f</color>
		<color name="Light">ee62717b</color>
		<color name="Bright">eea6bfcc</color>

		<!--light grey-->
		<color name="Dark">ee8c8c8c</color>
		<color name="Primary">eebcbcbc</color>
		<color name="Light">eeeeeeee</color>
		<color name="Bright">eeffffff</color>
		
		<!--reds-->
		<color name="Dark">ee7f0000</color>
		<color name="Primary">eeb71c1c</color>
		<color name="Light">eef05545</color>
		<color name="Bright">ddB0BEC5</color>
		
		<!--pinks-->
		<color name="Dark">ee550024</color>
		<color name="Primary">ee870d4c</color>
		<color name="Light">eebb4678</color>
		<color name="Bright">ddF48FB1</color>

		<!--purples-->
		<color name="Dark">ee12005e</color>
		<color name="Primary">ee4a138c</color>
		<color name="Light">ee7c42bd</color>
		<color name="Bright">ddCE93D8</color>
		
		<!--deep purples-->
		<color name="Dark">ee000062</color>
		<color name="Primary">ee311a91</color>
		<color name="Light">ee6745c2</color>
		<color name="Bright">ddB39DDB</color>

		<!--indigo-->
		<color name="Dark">ee00004f</color>
		<color name="Primary">ee18227c</color>
		<color name="Light">ee514aac</color>
		<color name="Bright">dd9FA8DA</color>

		<!--blue-->
		<color name="Dark">ee002071</color>
		<color name="Primary">ee0d46a0</color>
		<color name="Light">ee5471d2</color>
		<color name="Bright">dd90CAF9</color>

		<!--light blue-->
		<color name="Dark">ee002f6c</color>
		<color name="Primary">ee01579b</color>
		<color name="Light">ee4f83cc</color>
		<color name="Bright">dd81D4FA</color>

		<!--cyan-->
		<color name="Dark">ee003539</color>
		<color name="Primary">ee005f63</color>
		<color name="Light">ee428d90</color>
		<color name="Bright">dd80DEEA</color>

		<!--teal-->
		<color name="Dark">ee002419</color>
		<color name="Primary">ee004c3f</color>
		<color name="Light">ee38786a</color>
		<color name="Bright">dd80CBC4</color>

		<!--green-->
		<color name="Dark">ee003300</color>
		<color name="Primary">ee1b5e20</color>
		<color name="Light">ee4c8c4a</color>
		<color name="Bright">ddA5D6A7</color>

		<!--light green-->
		<color name="Dark">ee003d00</color>
		<color name="Primary">ee32681d</color>
		<color name="Light">ee619648</color>
		<color name="Bright">ddC5E1A5</color>

		<!--yellow-->
		<color name="Dark">eefcd734</color>
		<color name="Primary">eeffeb3b</color>
		<color name="Light">eeffff6b</color>
		<color name="Bright">ddFFF59D</color>

		<!--amber-->
		<color name="Dark">eec43e00</color>
		<color name="Primary">eeff6f00</color>
		<color name="Light">eeffa040</color>
		<color name="Bright">eeffe57f</color>

		<!--orange-->
		<color name="Dark">eeab1a00</color>
		<color name="Primary">eee55100</color>
		<color name="Light">eeff833a</color>
		<color name="Bright">ddFFCC80</color>

		<!--deep orange-->
		<color name="Dark">ee870000</color>
		<color name="Primary">eebf360c</color>
		<color name="Light">eef9683a</color>
		<color name="Bright">ddFFAB91</color>

		<!--brown-->
		<color name="Dark">ee1a0000</color>
		<color name="Primary">ee3d2622</color>
		<color name="Light">ee694e4a</color>
		<color name="Bright">eeBCAAA4</color>

	</palette>
	
</colors>