<?xml version="1.0" encoding="UTF-8"?>
<colors>
	<!-- background -->
	<color name="background">ff141414</color>
	<color name="background_diffuse">f2141414</color>
	<color name="black_diffuse">80141414</color>

	<!-- widgets and views-->
	<color name="thumb_background">ff222222</color>
	<color name="thumb_background_fallback">ff388e3c</color>
	<color name="thumb_background_fallback_secondary">ff0288d1</color>

	<!-- player -->
	<color name="player_osd_color">FF52b54b</color>
	<color name="thumb_background_player">ff222222</color>

	<!-- common colors -->
	<color name="black">FF000000</color>
	<color name="white">FFFFFFFFF</color>
	<color name="grey">FF404040</color>
	<color name="lightgrey">FF888888</color>
	<color name="softgrey">ffaaaaaa</color>
	<color name="blue">ff0288d1</color>
	<color name="green">ff388e3c</color>
	<color name="red">ffd32f2f</color>
	<color name="turquoise">ff009688</color>
	<color name="orange">fff57f17</color>
	<color name="lila">ff6b689d</color>

	<!-- text -->
	<color name="text_white">ccffffff</color>
	<color name="text_sublabel">80ffffff</color>
	<color name="text_headline">ccffffff</color>
	<color name="text_shadow">66000000</color>
	<color name="disabled">30FFFFFF</color>
	<color name="selected">ff0288d1</color>
	<color name="invalid">FFFF0000</color>

	<!-- buttons -->
	<color name="dark_button">ff232327</color>
	<color name="light_button">ff464646</color>
	<color name="selected_button">800288d1</color>
	<color name="grey_button">ff303030</color>

	<!-- main focused colors -->
	<color name="accent">FF52b54b</color>

	<!-- sidepanel -->
	<color name="sidepanel_background">ff1c1c1f</color>
	<color name="sidepanel_textcolor">ccffffff</color>
	<color name="sidepanel_focus">ff343437</color>

	<!-- context menu -->
	<color name="context_textcolor">ccffffff</color>
	<color name="context_textcolor_focused">ccffffff</color>
	<color name="context_color">ff282828</color>
	<color name="context_subitem">ff151515</color>
	<color name="context_focusedcolor">ff3b3b3b</color>

	<!-- EPG -->
	<color name="grid_title">ff222326</color>
	<color name="grid_label">ff1c1d1f</color>
	<color name="grid_label_inprogress">ff282828</color>
	<color name="grid_border">ff383838</color>

	<!-- header bar -->
	<color name="text_header">66ffffff</color>
	<color name="text_header_mainlabel">ccffffff</color>
	<color name="text_header_sublabel">66ffffff</color>
	<color name="footerbar">ff1a2537</color>
	<color name="header_shadow">ff060606</color>

	<!-- views -->
	<color name="list_hover">ff3b3b3b</color>

	<!-- scrollbar -->
	<color name="scrollbar_background">ff3a3a3a</color>
	<color name="scrollbar_slider">FF888888</color>

	<!-- settings elements -->
	<color name="panel_background">ff222222</color>
	<color name="panel_background2">ee222222</color>
	<color name="panel_focus">ff3b3b3b</color>
	<color name="panel_subitem">ff151515</color>
	<color name="panel_textcolor">ccffffff</color>
	<color name="panel_textcolor2">66ffffff</color>

</colors>
