<?xml version="1.0" encoding="UTF-8" standalone="yes"?>
<addon id="script.codegen" name="code gen" version="0.1.1" provider-name="joss1091">
	<requires>
		<import addon="xbmc.python" version="2.14.0"/>
		<import addon="script.module.requests" version="2.12.4"/>
	</requires>
	<extension point="xbmc.python.script" library="addon.py">
		<provides>executable</provides>
	</extension>
	<extension point="xbmc.addon.repository" name="bluerobot">
		<info compressed="true">https://raw.githubusercontent.com/joss1091/repository.bluerobot/master/addons.xml</info>
		<checksum>https://raw.githubusercontent.com/joss1091/repository.bluerobot/master/addons.xml.md5</checksum>
		<datadir zip="true">https://raw.githubusercontent.com/joss1091/repository.bluerobot/master/</datadir>
	</extension>
	<extension point="xbmc.addon.metadata">
		<platform>all</platform>
		<summary lang="es">Obtener codigo alfanumerico</summary>
		<description lang="es">Addon para que obtener un codigo para ingresar a nuestra APP y poder a realizar el pago de la susbcripcion</description>
		<license>GNU General Public License, v2</license>
		<language></language>
		<forum></forum>
		<source></source>
		<website>Kodi.tv</website>
		<email>joss1091@gmail.com</email>
		<assets>
			<icon>icon.png</icon>
			<fanart>fanart.jpg</fanart>
			<screenshot></screenshot>
			<screenshot></screenshot>
			<screenshot></screenshot>
		</assets>
		<news>Obtener codigo alfanumerico para el receptor.</news>
	</extension>
</addon>
